"Title","CoverRegionName","CoverFrontURL","CoverBackURL","EnglishTitle","ReferenceURL"
"A-Rank Thunder Tanjouhen","JP","http://image.gamespotcdn.net/gamespot/images/box/8/7/6/921876_56663_front.jpg","http://image.gamespotcdn.net/gamespot/images/box/8/7/6/921876_56663_back.jpg","A-Rank Thunder Tanjouhen","http://www.gamefaqs.com/segacd/921876-a-rank-thunder-tanjouhen"
"A/X-101","US","http://image.gamespotcdn.net/gamespot/images/box/9/2/4/587924_60434_front.jpg","http://image.gamespotcdn.net/gamespot/images/box/9/2/4/587924_60434_back.jpg","A/X-101","http://www.gamefaqs.com/segacd/587924-a-x-101"
"AX-101","JP","http://image.gamespotcdn.net/gamespot/images/box/9/2/4/587924_3779_front.jpg","http://image.gamespotcdn.net/gamespot/images/box/9/2/4/587924_3779_back.jpg","A/X-101","http://www.gamefaqs.com/segacd/587924-a-x-101"
"Advanced Dungeons & Dragons: Eye of the Beholder","JP","http://image.gamespotcdn.net/gamespot/images/box/9/4/6/587946_4922_front.jpg","http://image.gamespotcdn.net/gamespot/images/box/9/4/6/587946_4922_back.jpg","Advanced Dungeons & Dragons: Eye of the Beholder","http://www.gamefaqs.com/segacd/587946-advanced-dungeons-and-dragons-eye-of-the-beholder"
"Advanced Dungeons & Dragons: Eye of the Beholder","US","http://image.gamespotcdn.net/gamespot/images/box/9/4/6/587946_84144_front.jpg","http://image.gamespotcdn.net/gamespot/images/box/9/4/6/587946_84144_back.jpg","Advanced Dungeons & Dragons: Eye of the Beholder","http://www.gamefaqs.com/segacd/587946-advanced-dungeons-and-dragons-eye-of-the-beholder"
"Advanced Dungeons & Dragons: Eye of the Beholder","EU","http://image.gamespotcdn.net/gamespot/images/box/9/4/6/587946_84145_front.jpg","","Advanced Dungeons & Dragons: Eye of the Beholder","http://www.gamefaqs.com/segacd/587946-advanced-dungeons-and-dragons-eye-of-the-beholder"
"The Adventures of Batman & Robin","US","http://image.gamespotcdn.net/gamespot/images/box/0/1/6/920016_53349_front.jpg","http://image.gamespotcdn.net/gamespot/images/box/0/1/6/920016_53349_back.jpg","The Adventures of Batman & Robin","http://www.gamefaqs.com/segacd/920016-the-adventures-of-batman-and-robin"
"The Adventures of Willy Beamish","US","http://image.gamespotcdn.net/gamespot/images/box/9/1/9/587919_39977_front.jpg","http://image.gamespotcdn.net/gamespot/images/box/9/1/9/587919_39977_back.jpg","The Adventures of Willy Beamish","http://www.gamefaqs.com/segacd/587919-the-adventures-of-willy-beamish"
"After Armageddon Gaiden: Majuu Toushouden Eclipse","JP","http://image.gamespotcdn.net/gamespot/images/box/4/6/9/570469_8701_front.jpg","http://image.gamespotcdn.net/gamespot/images/box/4/6/9/570469_8701_back.jpg","After Armageddon","http://www.gamefaqs.com/segacd/570469-after-armageddon"
"After Burner III","JP","http://image.gamespotcdn.net/gamespot/images/box/9/2/0/587920_5139_front.jpg","http://image.gamespotcdn.net/gamespot/images/box/9/2/0/587920_5139_back.jpg","After Burner III","http://www.gamefaqs.com/segacd/587920-after-burner-iii"
"After Burner III","US","http://image.gamespotcdn.net/gamespot/images/box/9/2/0/587920_67156_front.jpg","http://image.gamespotcdn.net/gamespot/images/box/9/2/0/587920_67156_back.jpg","After Burner III","http://www.gamefaqs.com/segacd/587920-after-burner-iii"
"After Burner III","EU","http://image.gamespotcdn.net/gamespot/images/box/9/2/0/587920_99352_front.jpg","http://image.gamespotcdn.net/gamespot/images/box/9/2/0/587920_99352_back.jpg","After Burner III","http://www.gamefaqs.com/segacd/587920-after-burner-iii"
"AH-3 Thunderstrike","US","http://image.gamespotcdn.net/gamespot/images/box/9/2/1/587921_67157_front.jpg","http://image.gamespotcdn.net/gamespot/images/box/9/2/1/587921_67157_back.jpg","AH-3 Thunderstrike","http://www.gamefaqs.com/segacd/587921-ah-3-thunderstrike"
"Thunderhawk","JP","http://image.gamespotcdn.net/gamespot/images/box/9/2/1/587921_4736_front.jpg","http://image.gamespotcdn.net/gamespot/images/box/9/2/1/587921_4736_back.jpg","AH-3 Thunderstrike","http://www.gamefaqs.com/segacd/587921-ah-3-thunderstrike"
"Thunderhawk","EU","http://image.gamespotcdn.net/gamespot/images/box/9/2/1/587921_72168_front.jpg","http://image.gamespotcdn.net/gamespot/images/box/9/2/1/587921_72168_back.jpg","AH-3 Thunderstrike","http://www.gamefaqs.com/segacd/587921-ah-3-thunderstrike"
"Aisle Lord","JP","http://image.gamespotcdn.net/gamespot/images/box/8/4/7/581847_22346_front.jpg","http://image.gamespotcdn.net/gamespot/images/box/8/4/7/581847_22346_back.jpg","Aisle Lord","http://www.gamefaqs.com/segacd/581847-aisle-lord"
"Alshark","JP","http://image.gamespotcdn.net/gamespot/images/box/2/0/2/579202_19467_front.jpg","http://image.gamespotcdn.net/gamespot/images/box/2/0/2/579202_19467_back.jpg","Alshark","http://www.gamefaqs.com/segacd/579202-alshark"
"The Amazing Spider-Man vs. the Kingpin","US","http://image.gamespotcdn.net/gamespot/images/box/2/8/1/922281_58040_front.jpg","http://image.gamespotcdn.net/gamespot/images/box/2/8/1/922281_58040_back.jpg","The Amazing Spider-Man vs. the Kingpin","http://www.gamefaqs.com/segacd/922281-the-amazing-spider-man-vs-the-kingpin"
"The Amazing Spider-Man vs. the Kingpin","EU","http://image.gamespotcdn.net/gamespot/images/box/2/8/1/922281_116338_front.jpg","http://image.gamespotcdn.net/gamespot/images/box/2/8/1/922281_116338_back.jpg","The Amazing Spider-Man vs. the Kingpin","http://www.gamefaqs.com/segacd/922281-the-amazing-spider-man-vs-the-kingpin"
"Bari-Arm","JP","http://image.gamespotcdn.net/gamespot/images/box/9/2/2/587922_4558_front.jpg","http://image.gamespotcdn.net/gamespot/images/box/9/2/2/587922_4558_back.jpg","Android Assault: The Revenge of Bari-Arm","http://www.gamefaqs.com/segacd/587922-android-assault-the-revenge-of-bari-arm"
"Android Assault: The Revenge of Bari-Arm","US","http://image.gamespotcdn.net/gamespot/images/box/9/2/2/587922_67158_front.jpg","http://image.gamespotcdn.net/gamespot/images/box/9/2/2/587922_67158_back.jpg","Android Assault: The Revenge of Bari-Arm","http://www.gamefaqs.com/segacd/587922-android-assault-the-revenge-of-bari-arm"
"Annet Futatabi","JP","http://image.gamespotcdn.net/gamespot/images/box/0/5/1/563051_22343_front.jpg","http://image.gamespotcdn.net/gamespot/images/box/0/5/1/563051_22343_back.jpg","Annet Futatabi","http://www.gamefaqs.com/segacd/563051-annet-futatabi"
"Aoki Ookami to Shiroki Meshika: Genchou Hishi","JP","http://image.gamespotcdn.net/gamespot/images/box/1/8/6/939186_86849_front.jpg","http://image.gamespotcdn.net/gamespot/images/box/1/8/6/939186_86849_back.jpg","Genghis Khan II","http://www.gamefaqs.com/segacd/939186-genghis-khan-ii"
"Arcus 1-2-3","JP","http://image.gamespotcdn.net/gamespot/images/box/8/0/0/581800_22344_front.jpg","http://image.gamespotcdn.net/gamespot/images/box/8/0/0/581800_22344_back.jpg","Arcus 1-2-3","http://www.gamefaqs.com/segacd/581800-arcus-1-2-3"
"Arslan Senki","JP","http://image.gamespotcdn.net/gamespot/images/box/4/7/0/570470_8702_front.jpg","http://image.gamespotcdn.net/gamespot/images/box/4/7/0/570470_8702_back.jpg","Arslan Senki","http://www.gamefaqs.com/segacd/570470-arslan-senki"
"Bakuden Unbalance Zone","JP","http://image.gamespotcdn.net/gamespot/images/box/4/7/3/570473_9501_front.jpg","http://image.gamespotcdn.net/gamespot/images/box/4/7/3/570473_9501_back.jpg","Bakuden Unbalance Zone","http://www.gamefaqs.com/segacd/570473-bakuden-unbalance-zone"
"Batman Returns","US","http://image.gamespotcdn.net/gamespot/images/box/5/0/7/919507_49310_front.jpg","http://image.gamespotcdn.net/gamespot/images/box/5/0/7/919507_49310_back.jpg","Batman Returns","http://www.gamefaqs.com/segacd/919507-batman-returns"
"Batman Returns","EU","http://image.gamespotcdn.net/gamespot/images/box/5/0/7/919507_97311_front.jpg","http://image.gamespotcdn.net/gamespot/images/box/5/0/7/919507_97311_back.jpg","Batman Returns","http://www.gamefaqs.com/segacd/919507-batman-returns"
"Battle Fantasy","JP","http://image.gamespotcdn.net/gamespot/images/box/9/8/6/587986_9090_front.jpg","http://image.gamespotcdn.net/gamespot/images/box/9/8/6/587986_9090_back.jpg","Revengers of Vengeance","http://www.gamefaqs.com/segacd/587986-revengers-of-vengeance"
"Revengers of Vengeance","US","http://image.gamespotcdn.net/gamespot/images/box/9/8/6/587986_47041_front.jpg","http://image.gamespotcdn.net/gamespot/images/box/9/8/6/587986_47041_back.jpg","Revengers of Vengeance","http://www.gamefaqs.com/segacd/587986-revengers-of-vengeance"
"Battle Frenzy","EU","http://image.gamespotcdn.net/gamespot/images/box/2/5/5/922255_101254_front.jpg","http://image.gamespotcdn.net/gamespot/images/box/2/5/5/922255_101254_back.jpg","Battle Frenzy","http://www.gamefaqs.com/segacd/922255-battle-frenzy"
"Battle Frenzy","US","http://image.gamespotcdn.net/gamespot/images/box/2/5/5/922255_69287_front.jpg","","Battle Frenzy","http://www.gamefaqs.com/segacd/922255-battle-frenzy"
"Bloodshot","EU","http://image.gamespotcdn.net/gamespot/images/box/2/5/5/922255_71450_front.jpg","","Battle Frenzy","http://www.gamefaqs.com/segacd/922255-battle-frenzy"
"Battlecorps","US","http://image.gamespotcdn.net/gamespot/images/box/4/8/9/563489_67159_front.jpg","http://image.gamespotcdn.net/gamespot/images/box/4/8/9/563489_67159_back.jpg","Battlecorps","http://www.gamefaqs.com/segacd/563489-battlecorps"
"Battlecorps","JP","http://image.gamespotcdn.net/gamespot/images/box/4/8/9/563489_4737_front.jpg","http://image.gamespotcdn.net/gamespot/images/box/4/8/9/563489_4737_back.jpg","Battlecorps","http://www.gamefaqs.com/segacd/563489-battlecorps"
"Battlecorps","EU","http://image.gamespotcdn.net/gamespot/images/box/4/8/9/563489_116309_front.jpg","http://image.gamespotcdn.net/gamespot/images/box/4/8/9/563489_116309_back.jpg","Battlecorps","http://www.gamefaqs.com/segacd/563489-battlecorps"
"Shadow of the Beast II","US","http://image.gamespotcdn.net/gamespot/images/box/2/7/9/922279_71827_front.jpg","http://image.gamespotcdn.net/gamespot/images/box/2/7/9/922279_71827_back.jpg","Shadow of the Beast II","http://www.gamefaqs.com/segacd/922279-shadow-of-the-beast-ii"
"Shadow of the Beast II: Jashin no Jubaku","JP","http://image.gamespotcdn.net/gamespot/images/box/2/7/9/922279_86822_front.jpg","http://image.gamespotcdn.net/gamespot/images/box/2/7/9/922279_86822_back.jpg","Shadow of the Beast II","http://www.gamefaqs.com/segacd/922279-shadow-of-the-beast-ii"
"Beast II","EU","http://image.gamespotcdn.net/gamespot/images/box/2/7/9/922279_116333_front.jpg","http://image.gamespotcdn.net/gamespot/images/box/2/7/9/922279_116333_back.jpg","Shadow of the Beast II","http://www.gamefaqs.com/segacd/922279-shadow-of-the-beast-ii"
"Bill Walsh College Football","US","http://image.gamespotcdn.net/gamespot/images/box/2/5/6/922256_67160_front.jpg","http://image.gamespotcdn.net/gamespot/images/box/2/5/6/922256_67160_back.jpg","Bill Walsh College Football","http://www.gamefaqs.com/segacd/922256-bill-walsh-college-football"
"Bill Walsh College Football","EU","http://image.gamespotcdn.net/gamespot/images/box/2/5/6/922256_116311_front.jpg","http://image.gamespotcdn.net/gamespot/images/box/2/5/6/922256_116311_back.jpg","Bill Walsh College Football","http://www.gamefaqs.com/segacd/922256-bill-walsh-college-football"
"Black Hole Assault","JP","http://image.gamespotcdn.net/gamespot/images/box/9/2/6/587926_4443_front.jpg","http://image.gamespotcdn.net/gamespot/images/box/9/2/6/587926_4443_back.jpg","Black Hole Assault","http://www.gamefaqs.com/segacd/587926-black-hole-assault"
"Black Hole Assault","US","http://image.gamespotcdn.net/gamespot/images/box/9/2/6/587926_67161_front.jpg","http://image.gamespotcdn.net/gamespot/images/box/9/2/6/587926_67161_back.jpg","Black Hole Assault","http://www.gamefaqs.com/segacd/587926-black-hole-assault"
"Black Hole Assault","EU","http://image.gamespotcdn.net/gamespot/images/box/9/2/6/587926_97312_front.jpg","http://image.gamespotcdn.net/gamespot/images/box/9/2/6/587926_97312_back.jpg","Black Hole Assault","http://www.gamefaqs.com/segacd/587926-black-hole-assault"
"Bouncers","US","http://image.gamespotcdn.net/gamespot/images/box/9/2/7/587927_39980_front.jpg","http://image.gamespotcdn.net/gamespot/images/box/9/2/7/587927_39980_back.jpg","Bouncers","http://www.gamefaqs.com/segacd/587927-bouncers"
"Bram Stoker's Dracula","US","http://image.gamespotcdn.net/gamespot/images/box/7/8/8/921788_56503_front.jpg","http://image.gamespotcdn.net/gamespot/images/box/7/8/8/921788_56503_back.jpg","Bram Stoker's Dracula","http://www.gamefaqs.com/segacd/921788-bram-stokers-dracula"
"Brutal: Paws of Fury","US","http://image.gamespotcdn.net/gamespot/images/box/4/4/0/919440_49262_front.jpg","http://image.gamespotcdn.net/gamespot/images/box/4/4/0/919440_49262_back.jpg","Brutal: Paws of Fury","http://www.gamefaqs.com/segacd/919440-brutal-paws-of-fury"
"Brutal: Paws of Fury","EU","http://image.gamespotcdn.net/gamespot/images/box/4/4/0/919440_59132_front.jpg","http://image.gamespotcdn.net/gamespot/images/box/4/4/0/919440_59132_back.jpg","Brutal: Paws of Fury","http://www.gamefaqs.com/segacd/919440-brutal-paws-of-fury"
"Bug Blasters: The Exterminators","EU","http://image.gamespotcdn.net/gamespot/images/box/3/3/7/565337_5288_front.jpg","","Bug Blasters: The Exterminators","http://www.gamefaqs.com/segacd/565337-bug-blasters-the-exterminators"
"Bug Blasters: The Exterminators","US","http://image.gamespotcdn.net/gamespot/images/box/3/3/7/565337_92167_front.jpg","","Bug Blasters: The Exterminators","http://www.gamefaqs.com/segacd/565337-bug-blasters-the-exterminators"
"Burai: Hachigyoku no Yuushi Densetsu","JP","http://image.gamespotcdn.net/gamespot/images/box/8/0/1/581801_21195_front.jpg","http://image.gamespotcdn.net/gamespot/images/box/8/0/1/581801_21195_back.jpg","Burai","http://www.gamefaqs.com/segacd/581801-burai"
"Burning Fists: Force Striker","US","http://image.gamespotcdn.net/gamespot/images/box/7/7/5/932775_75217_front.jpg","http://image.gamespotcdn.net/gamespot/images/box/7/7/5/932775_75217_back.jpg","Burning Fists: Force Striker","http://www.gamefaqs.com/segacd/932775-burning-fists-force-striker"
"Cadillacs and Dinosaurs: The Second Cataclysm","US","http://image.gamespotcdn.net/gamespot/images/box/9/2/8/587928_39981_front.jpg","http://image.gamespotcdn.net/gamespot/images/box/9/2/8/587928_39981_back.jpg","Cadillacs and Dinosaurs: The Second Cataclysm","http://www.gamefaqs.com/segacd/587928-cadillacs-and-dinosaurs-the-second-cataclysm"
"Cadillacs and Dinosaurs: The Second Cataclysm","SA","http://image.gamespotcdn.net/gamespot/images/box/9/2/8/587928_197194_front.jpg","http://image.gamespotcdn.net/gamespot/images/box/9/2/8/587928_197194_back.jpg","Cadillacs and Dinosaurs: The Second Cataclysm","http://www.gamefaqs.com/segacd/587928-cadillacs-and-dinosaurs-the-second-cataclysm"
"Capcom no Quiz: Tonosama no Yabou","JP","http://image.gamespotcdn.net/gamespot/images/box/4/7/6/570476_9069_front.jpg","http://image.gamespotcdn.net/gamespot/images/box/4/7/6/570476_9069_back.jpg","Capcom no Quiz: Tonosama no Yabou","http://www.gamefaqs.com/segacd/570476-capcom-no-quiz-tonosama-no-yabou"
"Captain Tsubasa","JP","http://image.gamespotcdn.net/gamespot/images/box/4/7/7/570477_9489_front.jpg","http://image.gamespotcdn.net/gamespot/images/box/4/7/7/570477_9489_back.jpg","Captain Tsubasa","http://www.gamefaqs.com/segacd/570477-captain-tsubasa"
"Sensible Soccer","EU","http://image.gamespotcdn.net/gamespot/images/box/9/2/9/587929_60246_front.jpg","http://image.gamespotcdn.net/gamespot/images/box/9/2/9/587929_60246_back.jpg","Championship Soccer '94","http://www.gamefaqs.com/segacd/587929-championship-soccer-94"
"Championship Soccer '94","US","http://image.gamespotcdn.net/gamespot/images/box/9/2/9/587929_39982_front.jpg","http://image.gamespotcdn.net/gamespot/images/box/9/2/9/587929_39982_back.jpg","Championship Soccer '94","http://www.gamefaqs.com/segacd/587929-championship-soccer-94"
"Chuck Rock","US","http://image.gamespotcdn.net/gamespot/images/box/2/5/8/922258_67162_front.jpg","http://image.gamespotcdn.net/gamespot/images/box/2/5/8/922258_67162_back.jpg","Chuck Rock","http://www.gamefaqs.com/segacd/922258-chuck-rock"
"Chuck Rock","EU","http://image.gamespotcdn.net/gamespot/images/box/2/5/8/922258_114586_front.jpg","http://image.gamespotcdn.net/gamespot/images/box/2/5/8/922258_114586_back.jpg","Chuck Rock","http://www.gamefaqs.com/segacd/922258-chuck-rock"
"Chuck Rock II: Son of Chuck","US","http://image.gamespotcdn.net/gamespot/images/box/9/3/0/587930_39983_front.jpg","http://image.gamespotcdn.net/gamespot/images/box/9/3/0/587930_39983_back.jpg","Chuck Rock II: Son of Chuck","http://www.gamefaqs.com/segacd/587930-chuck-rock-ii-son-of-chuck"
"Chuck Rock II: Son of Chuck","EU","http://image.gamespotcdn.net/gamespot/images/box/9/3/0/587930_114587_front.jpg","","Chuck Rock II: Son of Chuck","http://www.gamefaqs.com/segacd/587930-chuck-rock-ii-son-of-chuck"
"Chuck Rock II: Son of Chuck","SA","http://image.gamespotcdn.net/gamespot/images/box/9/3/0/587930_197195_front.jpg","http://image.gamespotcdn.net/gamespot/images/box/9/3/0/587930_197195_back.jpg","Chuck Rock II: Son of Chuck","http://www.gamefaqs.com/segacd/587930-chuck-rock-ii-son-of-chuck"
"Citizen X","US","http://image.gamespotcdn.net/gamespot/images/box/4/6/0/926460_62834_front.jpg","","Citizen X","http://www.gamefaqs.com/segacd/926460-citizen-x"
"Cliffhanger","US","http://image.gamespotcdn.net/gamespot/images/box/9/7/9/921979_56923_front.jpg","http://image.gamespotcdn.net/gamespot/images/box/9/7/9/921979_56923_back.jpg","Cliffhanger","http://www.gamefaqs.com/segacd/921979-cliffhanger"
"Thunder Storm FX","JP","http://image.gamespotcdn.net/gamespot/images/box/9/3/1/587931_5237_front.jpg","http://image.gamespotcdn.net/gamespot/images/box/9/3/1/587931_5237_back.jpg","Cobra Command","http://www.gamefaqs.com/segacd/587931-cobra-command"
"Cobra Command","US","http://image.gamespotcdn.net/gamespot/images/box/9/3/1/587931_67163_front.jpg","http://image.gamespotcdn.net/gamespot/images/box/9/3/1/587931_67163_back.jpg","Cobra Command","http://www.gamefaqs.com/segacd/587931-cobra-command"
"Cobra Command","EU","http://image.gamespotcdn.net/gamespot/images/box/9/3/1/587931_97313_front.jpg","","Cobra Command","http://www.gamefaqs.com/segacd/587931-cobra-command"
"Compton's Interactive Encyclopedia","US","http://image.gamespotcdn.net/gamespot/images/box/9/3/3/587933_39985_front.jpg","http://image.gamespotcdn.net/gamespot/images/box/9/3/3/587933_39985_back.jpg","Compton's Interactive Encyclopedia","http://www.gamefaqs.com/segacd/587933-comptons-interactive-encyclopedia"
"Corpse Killer","US","http://image.gamespotcdn.net/gamespot/images/box/2/6/0/922260_58795_front.jpg","http://image.gamespotcdn.net/gamespot/images/box/2/6/0/922260_58795_back.jpg","Corpse Killer","http://www.gamefaqs.com/segacd/922260-corpse-killer"
"Corpse Killer","EU","http://image.gamespotcdn.net/gamespot/images/box/2/6/0/922260_114588_front.jpg","http://image.gamespotcdn.net/gamespot/images/box/2/6/0/922260_114588_back.jpg","Corpse Killer","http://www.gamefaqs.com/segacd/922260-corpse-killer"
"Cosmic Fantasy Stories","JP","http://image.gamespotcdn.net/gamespot/images/box/2/0/3/579203_19468_front.jpg","http://image.gamespotcdn.net/gamespot/images/box/2/0/3/579203_19468_back.jpg","Cosmic Fantasy Stories","http://www.gamefaqs.com/segacd/579203-cosmic-fantasy-stories"
"Crime Patrol","US","http://image.gamespotcdn.net/gamespot/images/box/9/3/4/587934_39986_front.jpg","http://image.gamespotcdn.net/gamespot/images/box/9/3/4/587934_39986_back.jpg","Crime Patrol","http://www.gamefaqs.com/segacd/587934-crime-patrol"
"Cyborg 009","JP","http://image.gamespotcdn.net/gamespot/images/box/4/7/8/570478_9962_front.jpg","http://image.gamespotcdn.net/gamespot/images/box/4/7/8/570478_9962_back.jpg","Cyborg 009","http://www.gamefaqs.com/segacd/570478-cyborg-009"
"Dai Fushinden","JP","http://image.gamespotcdn.net/gamespot/images/box/4/7/9/570479_9420_front.jpg","http://image.gamespotcdn.net/gamespot/images/box/4/7/9/570479_9420_back.jpg","Dai Fushinden","http://www.gamefaqs.com/segacd/570479-dai-fushinden"
"Dark Wizard: Yomigaerishi Yami no Madoushi","JP","http://image.gamespotcdn.net/gamespot/images/box/9/3/5/587935_3780_front.jpg","http://image.gamespotcdn.net/gamespot/images/box/9/3/5/587935_3780_back.jpg","Dark Wizard","http://www.gamefaqs.com/segacd/587935-dark-wizard"
"Dark Wizard","US","http://image.gamespotcdn.net/gamespot/images/box/9/3/5/587935_47032_front.jpg","http://image.gamespotcdn.net/gamespot/images/box/9/3/5/587935_47032_back.jpg","Dark Wizard","http://www.gamefaqs.com/segacd/587935-dark-wizard"
"Death Bringer: Himerareta Monshou","JP","http://image.gamespotcdn.net/gamespot/images/box/4/8/0/570480_9963_front.jpg","http://image.gamespotcdn.net/gamespot/images/box/4/8/0/570480_9963_back.jpg","Death Bringer","http://www.gamefaqs.com/segacd/570480-death-bringer"
"Demolition Man","US","http://image.gamespotcdn.net/gamespot/images/box/0/2/8/916028_47803_front.jpg","","Demolition Man","http://www.gamefaqs.com/segacd/916028-demolition-man"
"Dennin Aleste","JP","http://image.gamespotcdn.net/gamespot/images/box/9/8/9/587989_4726_front.jpg","http://image.gamespotcdn.net/gamespot/images/box/9/8/9/587989_4726_back.jpg","Robo Aleste","http://www.gamefaqs.com/segacd/587989-robo-aleste"
"Robo Aleste","US","http://image.gamespotcdn.net/gamespot/images/box/9/8/9/587989_68310_front.jpg","http://image.gamespotcdn.net/gamespot/images/box/9/8/9/587989_68310_back.jpg","Robo Aleste","http://www.gamefaqs.com/segacd/587989-robo-aleste"
"Robo Aleste","EU","http://image.gamespotcdn.net/gamespot/images/box/9/8/9/587989_116331_front.jpg","http://image.gamespotcdn.net/gamespot/images/box/9/8/9/587989_116331_back.jpg","Robo Aleste","http://www.gamefaqs.com/segacd/587989-robo-aleste"
"Detonator Organ","JP","http://image.gamespotcdn.net/gamespot/images/box/4/8/1/570481_9928_front.jpg","http://image.gamespotcdn.net/gamespot/images/box/4/8/1/570481_9928_back.jpg","Detonator Organ","http://www.gamefaqs.com/segacd/570481-detonator-organ"
"Devastator","JP","http://image.gamespotcdn.net/gamespot/images/box/4/8/2/570482_9999_front.jpg","http://image.gamespotcdn.net/gamespot/images/box/4/8/2/570482_9999_back.jpg","Devastator","http://www.gamefaqs.com/segacd/570482-devastator"
"Double Switch","US","http://image.gamespotcdn.net/gamespot/images/box/9/3/6/587936_47033_front.jpg","http://image.gamespotcdn.net/gamespot/images/box/9/3/6/587936_47033_back.jpg","Double Switch","http://www.gamefaqs.com/segacd/587936-double-switch"
"Double Switch","EU","http://image.gamespotcdn.net/gamespot/images/box/9/3/6/587936_116312_front.jpg","","Double Switch","http://www.gamefaqs.com/segacd/587936-double-switch"
"Double Switch","JP","http://image.gamespotcdn.net/gamespot/images/box/9/3/6/587936_3781_front.jpg","http://image.gamespotcdn.net/gamespot/images/box/9/3/6/587936_3781_back.jpg","Double Switch","http://www.gamefaqs.com/segacd/587936-double-switch"
"Dracula Unleashed","US","http://image.gamespotcdn.net/gamespot/images/box/9/3/7/587937_39987_front.jpg","http://image.gamespotcdn.net/gamespot/images/box/9/3/7/587937_39987_back.jpg","Dracula Unleashed","http://www.gamefaqs.com/segacd/587937-dracula-unleashed"
"Dracula Unleashed","EU","http://image.gamespotcdn.net/gamespot/images/box/9/3/7/587937_116313_front.jpg","http://image.gamespotcdn.net/gamespot/images/box/9/3/7/587937_116313_back.jpg","Dracula Unleashed","http://www.gamefaqs.com/segacd/587937-dracula-unleashed"
"Dragon's Lair","EU","http://image.gamespotcdn.net/gamespot/images/box/9/3/8/587938_108687_front.jpg","","Dragon's Lair","http://www.gamefaqs.com/segacd/587938-dragons-lair"
"Dragon's Lair","JP","http://image.gamespotcdn.net/gamespot/images/box/9/3/8/587938_3782_front.jpg","http://image.gamespotcdn.net/gamespot/images/box/9/3/8/587938_3782_back.jpg","Dragon's Lair","http://www.gamefaqs.com/segacd/587938-dragons-lair"
"Dragon's Lair","US","http://image.gamespotcdn.net/gamespot/images/box/9/3/8/587938_92168_front.jpg","http://image.gamespotcdn.net/gamespot/images/box/9/3/8/587938_92168_back.jpg","Dragon's Lair","http://www.gamefaqs.com/segacd/587938-dragons-lair"
"Dragon's Lair","SA","http://image.gamespotcdn.net/gamespot/images/box/9/3/8/587938_197197_front.jpg","http://image.gamespotcdn.net/gamespot/images/box/9/3/8/587938_197197_back.jpg","Dragon's Lair","http://www.gamefaqs.com/segacd/587938-dragons-lair"
"Dune","US","http://image.gamespotcdn.net/gamespot/images/box/9/3/9/587939_39988_front.jpg","http://image.gamespotcdn.net/gamespot/images/box/9/3/9/587939_39988_back.jpg","Dune","http://www.gamefaqs.com/segacd/587939-dune"
"Dune","EU","http://image.gamespotcdn.net/gamespot/images/box/9/3/9/587939_97314_front.jpg","http://image.gamespotcdn.net/gamespot/images/box/9/3/9/587939_97314_back.jpg","Dune","http://www.gamefaqs.com/segacd/587939-dune"
"Dungeon Explorer","US","http://image.gamespotcdn.net/gamespot/images/box/9/4/0/587940_39989_front.jpg","http://image.gamespotcdn.net/gamespot/images/box/9/4/0/587940_39989_back.jpg","Dungeon Explorer","http://www.gamefaqs.com/segacd/587940-dungeon-explorer"
"Dungeon Explorer","EU","http://image.gamespotcdn.net/gamespot/images/box/9/4/0/587940_74226_front.jpg","http://image.gamespotcdn.net/gamespot/images/box/9/4/0/587940_74226_back.jpg","Dungeon Explorer","http://www.gamefaqs.com/segacd/587940-dungeon-explorer"
"Dungeon Master II: Skullkeep","JP","http://image.gamespotcdn.net/gamespot/images/box/9/4/1/587941_4738_front.jpg","http://image.gamespotcdn.net/gamespot/images/box/9/4/1/587941_4738_back.jpg","Dungeon Master II: Skullkeep","http://www.gamefaqs.com/segacd/587941-dungeon-master-ii-skullkeep"
"Dungeon Master II: Skullkeep","US","http://image.gamespotcdn.net/gamespot/images/box/9/4/1/587941_67164_front.jpg","http://image.gamespotcdn.net/gamespot/images/box/9/4/1/587941_67164_back.jpg","Dungeon Master II: Skullkeep","http://www.gamefaqs.com/segacd/587941-dungeon-master-ii-skullkeep"
"Dungeon Master II: Skullkeep","EU","http://image.gamespotcdn.net/gamespot/images/box/9/4/1/587941_116314_front.jpg","http://image.gamespotcdn.net/gamespot/images/box/9/4/1/587941_116314_back.jpg","Dungeon Master II: Skullkeep","http://www.gamefaqs.com/segacd/587941-dungeon-master-ii-skullkeep"
"Dynamic Country Club","JP","http://image.gamespotcdn.net/gamespot/images/box/4/8/3/570483_8703_front.jpg","http://image.gamespotcdn.net/gamespot/images/box/4/8/3/570483_8703_back.jpg","Dynamic Country Club","http://www.gamefaqs.com/segacd/570483-dynamic-country-club"
"Earnest Evans","JP","http://image.gamespotcdn.net/gamespot/images/box/3/3/2/922332_69405_front.jpg","http://image.gamespotcdn.net/gamespot/images/box/3/3/2/922332_69405_back.jpg","Earnest Evans","http://www.gamefaqs.com/segacd/922332-earnest-evans"
"Earthworm Jim: Special Edition","US","http://image.gamespotcdn.net/gamespot/images/box/2/6/2/922262_68204_front.jpg","http://image.gamespotcdn.net/gamespot/images/box/2/6/2/922262_68204_back.jpg","Earthworm Jim: Special Edition","http://www.gamefaqs.com/segacd/922262-earthworm-jim-special-edition"
"Earthworm Jim: Special Edition","EU","http://image.gamespotcdn.net/gamespot/images/box/2/6/2/922262_114589_front.jpg","http://image.gamespotcdn.net/gamespot/images/box/2/6/2/922262_114589_back.jpg","Earthworm Jim: Special Edition","http://www.gamefaqs.com/segacd/922262-earthworm-jim-special-edition"
"Ecco the Dolphin","US","http://image.gamespotcdn.net/gamespot/images/box/9/4/2/587942_67165_front.jpg","http://image.gamespotcdn.net/gamespot/images/box/9/4/2/587942_67165_back.jpg","Ecco the Dolphin","http://www.gamefaqs.com/segacd/587942-ecco-the-dolphin"
"Ecco the Dolphin","EU","http://image.gamespotcdn.net/gamespot/images/box/9/4/2/587942_97315_front.jpg","http://image.gamespotcdn.net/gamespot/images/box/9/4/2/587942_97315_back.jpg","Ecco the Dolphin","http://www.gamefaqs.com/segacd/587942-ecco-the-dolphin"
"Ecco the Dolphin (Pack-In)","US","http://image.gamespotcdn.net/gamespot/images/box/9/4/2/587942_246760_front.jpg","","Ecco the Dolphin","http://www.gamefaqs.com/segacd/587942-ecco-the-dolphin"
"Ecco the Dolphin CD","JP","http://image.gamespotcdn.net/gamespot/images/box/9/4/2/587942_3783_front.jpg","http://image.gamespotcdn.net/gamespot/images/box/9/4/2/587942_3783_back.jpg","Ecco the Dolphin","http://www.gamefaqs.com/segacd/587942-ecco-the-dolphin"
"Ecco: The Tides of Time","US","http://image.gamespotcdn.net/gamespot/images/box/9/4/3/587943_39990_front.jpg","http://image.gamespotcdn.net/gamespot/images/box/9/4/3/587943_39990_back.jpg","Ecco: The Tides of Time","http://www.gamefaqs.com/segacd/587943-ecco-the-tides-of-time"
"Ecco: The Tides of Time","EU","http://image.gamespotcdn.net/gamespot/images/box/9/4/3/587943_114590_front.jpg","http://image.gamespotcdn.net/gamespot/images/box/9/4/3/587943_114590_back.jpg","Ecco: The Tides of Time","http://www.gamefaqs.com/segacd/587943-ecco-the-tides-of-time"
"Egawa Suguro no Super League CD","JP","http://image.gamespotcdn.net/gamespot/images/box/4/8/6/570486_8704_front.jpg","http://image.gamespotcdn.net/gamespot/images/box/4/8/6/570486_8704_back.jpg","Egawa Suguro no Super League CD","http://www.gamefaqs.com/segacd/570486-egawa-suguro-no-super-league-cd"
"ESPN Baseball Tonight","US","http://image.gamespotcdn.net/gamespot/images/box/0/2/9/916029_47804_front.jpg","http://image.gamespotcdn.net/gamespot/images/box/0/2/9/916029_47804_back.jpg","ESPN Baseball Tonight","http://www.gamefaqs.com/segacd/916029-espn-baseball-tonight"
"ESPN Baseball Tonight","EU","http://image.gamespotcdn.net/gamespot/images/box/0/2/9/916029_116315_front.jpg","","ESPN Baseball Tonight","http://www.gamefaqs.com/segacd/916029-espn-baseball-tonight"
"ESPN National Hockey Night","US","http://image.gamespotcdn.net/gamespot/images/box/2/6/3/922263_78571_front.jpg","","ESPN National Hockey Night","http://www.gamefaqs.com/segacd/922263-espn-national-hockey-night"
"ESPN Sunday Night NFL","US","http://image.gamespotcdn.net/gamespot/images/box/2/6/4/922264_67166_front.jpg","http://image.gamespotcdn.net/gamespot/images/box/2/6/4/922264_67166_back.jpg","ESPN Sunday Night NFL","http://www.gamefaqs.com/segacd/922264-espn-sunday-night-nfl"
"Eternal Champions: Challenge from the Dark Side","US","http://image.gamespotcdn.net/gamespot/images/box/9/4/5/587945_39992_front.jpg","http://image.gamespotcdn.net/gamespot/images/box/9/4/5/587945_39992_back.jpg","Eternal Champions: Challenge from the Dark Side","http://www.gamefaqs.com/segacd/587945-eternal-champions-challenge-from-the-dark-side"
"Eternal Champions: Challenge from the Dark Side","EU","http://image.gamespotcdn.net/gamespot/images/box/9/4/5/587945_108693_front.jpg","http://image.gamespotcdn.net/gamespot/images/box/9/4/5/587945_108693_back.jpg","Eternal Champions: Challenge from the Dark Side","http://www.gamefaqs.com/segacd/587945-eternal-champions-challenge-from-the-dark-side"
"F-1 Circus CD","JP","http://image.gamespotcdn.net/gamespot/images/box/4/8/7/570487_9815_front.jpg","http://image.gamespotcdn.net/gamespot/images/box/4/8/7/570487_9815_back.jpg","F-1 Circus CD","http://www.gamefaqs.com/segacd/570487-f-1-circus-cd"
"Fahrenheit (1995)","JP","http://image.gamespotcdn.net/gamespot/images/box/2/6/5/922265_86828_front.jpg","http://image.gamespotcdn.net/gamespot/images/box/2/6/5/922265_86828_back.jpg","Fahrenheit (1995)","http://www.gamefaqs.com/segacd/922265-fahrenheit-1995"
"Fahrenheit (1995)","EU","http://image.gamespotcdn.net/gamespot/images/box/2/6/5/922265_116316_front.jpg","http://image.gamespotcdn.net/gamespot/images/box/2/6/5/922265_116316_back.jpg","Fahrenheit (1995)","http://www.gamefaqs.com/segacd/922265-fahrenheit-1995"
"Fahrenheit","US","http://image.gamespotcdn.net/gamespot/images/box/2/6/5/922265_59893_front.jpg","http://image.gamespotcdn.net/gamespot/images/box/2/6/5/922265_59893_back.jpg","Fahrenheit (1995)","http://www.gamefaqs.com/segacd/922265-fahrenheit-1995"
"Garou Densetsu Special","JP","http://image.gamespotcdn.net/gamespot/images/box/9/4/7/587947_4739_front.jpg","http://image.gamespotcdn.net/gamespot/images/box/9/4/7/587947_4739_back.jpg","Fatal Fury Special","http://www.gamefaqs.com/segacd/587947-fatal-fury-special"
"Fatal Fury Special","US","http://image.gamespotcdn.net/gamespot/images/box/9/4/7/587947_67167_front.jpg","http://image.gamespotcdn.net/gamespot/images/box/9/4/7/587947_67167_back.jpg","Fatal Fury Special","http://www.gamefaqs.com/segacd/587947-fatal-fury-special"
"Seirei Shinseiki Fhey Area","JP","http://image.gamespotcdn.net/gamespot/images/box/8/0/2/581802_22345_front.jpg","http://image.gamespotcdn.net/gamespot/images/box/8/0/2/581802_22345_back.jpg","Fhey Area","http://www.gamefaqs.com/segacd/581802-fhey-area"
"FIFA International Soccer","US","http://image.gamespotcdn.net/gamespot/images/box/2/6/6/922266_61535_front.jpg","","FIFA International Soccer","http://www.gamefaqs.com/segacd/922266-fifa-international-soccer"
"FIFA International Soccer: Championship Edition","EU","http://image.gamespotcdn.net/gamespot/images/box/2/6/6/922266_92705_front.jpg","http://image.gamespotcdn.net/gamespot/images/box/2/6/6/922266_92705_back.jpg","FIFA International Soccer","http://www.gamefaqs.com/segacd/922266-fifa-international-soccer"
"Final Fight CD","JP","http://image.gamespotcdn.net/gamespot/images/box/9/4/8/587948_3785_front.jpg","http://image.gamespotcdn.net/gamespot/images/box/9/4/8/587948_3785_back.jpg","Final Fight CD","http://www.gamefaqs.com/segacd/587948-final-fight-cd"
"Final Fight CD","US","http://image.gamespotcdn.net/gamespot/images/box/9/4/8/587948_47034_front.jpg","http://image.gamespotcdn.net/gamespot/images/box/9/4/8/587948_47034_back.jpg","Final Fight CD","http://www.gamefaqs.com/segacd/587948-final-fight-cd"
"Final Fight CD","EU","http://image.gamespotcdn.net/gamespot/images/box/9/4/8/587948_116318_front.jpg","http://image.gamespotcdn.net/gamespot/images/box/9/4/8/587948_116318_back.jpg","Final Fight CD","http://www.gamefaqs.com/segacd/587948-final-fight-cd"
"Final Fight CD","SA","http://image.gamespotcdn.net/gamespot/images/box/9/4/8/587948_315341_front.jpg","","Final Fight CD","http://www.gamefaqs.com/segacd/587948-final-fight-cd"
"Flashback: The Quest for Identity","US","http://image.gamespotcdn.net/gamespot/images/box/2/6/7/922267_68205_front.jpg","http://image.gamespotcdn.net/gamespot/images/box/2/6/7/922267_68205_back.jpg","Flashback: The Quest for Identity","http://www.gamefaqs.com/segacd/922267-flashback-the-quest-for-identity"
"Flink","US","http://image.gamespotcdn.net/gamespot/images/box/2/6/8/922268_62927_front.jpg","http://image.gamespotcdn.net/gamespot/images/box/2/6/8/922268_62927_back.jpg","Flink","http://www.gamefaqs.com/segacd/922268-flink"
"Flink","EU","http://image.gamespotcdn.net/gamespot/images/box/2/6/8/922268_116319_front.jpg","http://image.gamespotcdn.net/gamespot/images/box/2/6/8/922268_116319_back.jpg","Flink","http://www.gamefaqs.com/segacd/922268-flink"
"Heavenly Symphony: Formula One World Championship 1993","JP","http://image.gamespotcdn.net/gamespot/images/box/9/4/9/587949_3786_front.jpg","http://image.gamespotcdn.net/gamespot/images/box/9/4/9/587949_3786_back.jpg","Formula One World Championship: Beyond the Limit","http://www.gamefaqs.com/segacd/587949-formula-one-world-championship-beyond-the-limit"
"Formula One World Championship: Beyond the Limit","US","http://image.gamespotcdn.net/gamespot/images/box/9/4/9/587949_88031_front.jpg","http://image.gamespotcdn.net/gamespot/images/box/9/4/9/587949_88031_back.jpg","Formula One World Championship: Beyond the Limit","http://www.gamefaqs.com/segacd/587949-formula-one-world-championship-beyond-the-limit"
"Formula One World Championship: Beyond the Limit","EU","http://image.gamespotcdn.net/gamespot/images/box/9/4/9/587949_114591_front.jpg","http://image.gamespotcdn.net/gamespot/images/box/9/4/9/587949_114591_back.jpg","Formula One World Championship: Beyond the Limit","http://www.gamefaqs.com/segacd/587949-formula-one-world-championship-beyond-the-limit"
"Wakusei Woodstock: Funky Horror Band","JP","http://image.gamespotcdn.net/gamespot/images/box/4/8/8/570488_8705_front.jpg","http://image.gamespotcdn.net/gamespot/images/box/4/8/8/570488_8705_back.jpg","Funky Horror Band","http://www.gamefaqs.com/segacd/570488-funky-horror-band"
"Gambler Jiko Chuushinha 2: Gekitou Tokyo Mahjong Land Hen","JP","http://image.gamespotcdn.net/gamespot/images/box/4/9/2/570492_9914_front.jpg","http://image.gamespotcdn.net/gamespot/images/box/4/9/2/570492_9914_back.jpg","Gambler Jiko Chuushinha 2","http://www.gamefaqs.com/segacd/570492-gambler-jiko-chuushinha-2"
"Game no Kanzume Vol. 1","JP","http://image.gamespotcdn.net/gamespot/images/box/4/8/9/570489_8706_front.jpg","http://image.gamespotcdn.net/gamespot/images/box/4/8/9/570489_8706_back.jpg","Game no Kanzume Vol. 1","http://www.gamefaqs.com/segacd/570489-game-no-kanzume-vol-1"
"Game no Kanzume Vol. 2","JP","http://image.gamespotcdn.net/gamespot/images/box/4/9/0/570490_8707_front.jpg","http://image.gamespotcdn.net/gamespot/images/box/4/9/0/570490_8707_back.jpg","Game no Kanzume Vol. 2","http://www.gamefaqs.com/segacd/570490-game-no-kanzume-vol-2"
"Genei Toshi: Illusion City","JP","http://image.gamespotcdn.net/gamespot/images/box/4/9/1/570491_9095_front.jpg","http://image.gamespotcdn.net/gamespot/images/box/4/9/1/570491_9095_back.jpg","Genei Toshi: Illusion City","http://www.gamefaqs.com/segacd/570491-genei-toshi-illusion-city"
"Sega CD Hardware","US","http://image.gamespotcdn.net/gamespot/images/box/3/9/5/916395_47894_front.jpg","","Sega CD","http://www.gamefaqs.com/segacd/916395-sega-cd"
"Sega Mega-CD2 System","JP","http://image.gamespotcdn.net/gamespot/images/box/3/9/5/916395_161864_front.jpg","","Sega CD","http://www.gamefaqs.com/segacd/916395-sega-cd"
"Genesis CDX","US","http://image.gamespotcdn.net/gamespot/images/box/3/9/5/916395_257058_front.jpg","http://image.gamespotcdn.net/gamespot/images/box/3/9/5/916395_257058_back.jpg","Sega CD","http://www.gamefaqs.com/segacd/916395-sega-cd"
"JVC X'Eye","US","http://image.gamespotcdn.net/gamespot/images/box/3/9/5/916395_306853_front.jpg","","Sega CD","http://www.gamefaqs.com/segacd/916395-sega-cd"
"Ground Zero Texas","US","http://image.gamespotcdn.net/gamespot/images/box/9/5/0/587950_39993_front.jpg","http://image.gamespotcdn.net/gamespot/images/box/9/5/0/587950_39993_back.jpg","Ground Zero Texas","http://www.gamefaqs.com/segacd/587950-ground-zero-texas"
"Ground Zero Texas","EU","http://image.gamespotcdn.net/gamespot/images/box/9/5/0/587950_294381_front.jpg","http://image.gamespotcdn.net/gamespot/images/box/9/5/0/587950_294381_back.jpg","Ground Zero Texas","http://www.gamefaqs.com/segacd/587950-ground-zero-texas"
"Heart of the Alien: Out of this World Parts I and II","US","http://image.gamespotcdn.net/gamespot/images/box/9/7/8/587978_47039_front.jpg","http://image.gamespotcdn.net/gamespot/images/box/9/7/8/587978_47039_back.jpg","Heart of the Alien: Out of this World Parts I and II","http://www.gamefaqs.com/segacd/587978-heart-of-the-alien-out-of-this-world-parts-i-and"
"Heavy Nova","JP","http://image.gamespotcdn.net/gamespot/images/box/1/8/4/920184_53834_front.jpg","http://image.gamespotcdn.net/gamespot/images/box/1/8/4/920184_53834_back.jpg","Heavy Nova","http://www.gamefaqs.com/segacd/920184-heavy-nova"
"Heimdall","JP","http://image.gamespotcdn.net/gamespot/images/box/9/5/1/587951_4740_front.jpg","http://image.gamespotcdn.net/gamespot/images/box/9/5/1/587951_4740_back.jpg","Heimdall","http://www.gamefaqs.com/segacd/587951-heimdall"
"Heimdall","US","http://image.gamespotcdn.net/gamespot/images/box/9/5/1/587951_92169_front.jpg","http://image.gamespotcdn.net/gamespot/images/box/9/5/1/587951_92169_back.jpg","Heimdall","http://www.gamefaqs.com/segacd/587951-heimdall"
"Hook","US","http://image.gamespotcdn.net/gamespot/images/box/2/7/0/922270_71957_front.jpg","http://image.gamespotcdn.net/gamespot/images/box/2/7/0/922270_71957_back.jpg","Hook","http://www.gamefaqs.com/segacd/922270-hook"
"Hook","EU","http://image.gamespotcdn.net/gamespot/images/box/2/7/0/922270_97316_front.jpg","http://image.gamespotcdn.net/gamespot/images/box/2/7/0/922270_97316_back.jpg","Hook","http://www.gamefaqs.com/segacd/922270-hook"
"INXS: Make My Video","US","http://image.gamespotcdn.net/gamespot/images/box/9/5/3/587953_53453_front.jpg","http://image.gamespotcdn.net/gamespot/images/box/9/5/3/587953_53453_back.jpg","INXS: Make My Video","http://www.gamefaqs.com/segacd/587953-inxs-make-my-video"
"INXS: Make My Video","EU","http://image.gamespotcdn.net/gamespot/images/box/9/5/3/587953_116320_front.jpg","http://image.gamespotcdn.net/gamespot/images/box/9/5/3/587953_116320_back.jpg","INXS: Make My Video","http://www.gamefaqs.com/segacd/587953-inxs-make-my-video"
"Iron Helix","US","http://image.gamespotcdn.net/gamespot/images/box/9/5/4/587954_39995_front.jpg","http://image.gamespotcdn.net/gamespot/images/box/9/5/4/587954_39995_back.jpg","Iron Helix","http://www.gamefaqs.com/segacd/587954-iron-helix"
"Ishii Hisaichi no Daisekai","JP","http://image.gamespotcdn.net/gamespot/images/box/4/9/4/570494_8708_front.jpg","http://image.gamespotcdn.net/gamespot/images/box/4/9/4/570494_8708_back.jpg","Ishii Hisaichi no Daisekai","http://www.gamefaqs.com/segacd/570494-ishii-hisaichi-no-daisekai"
"Jaguar XJ220","JP","http://image.gamespotcdn.net/gamespot/images/box/9/5/5/587955_4741_front.jpg","http://image.gamespotcdn.net/gamespot/images/box/9/5/5/587955_4741_back.jpg","Jaguar XJ220","http://www.gamefaqs.com/segacd/587955-jaguar-xj220"
"Jaguar XJ220","US","http://image.gamespotcdn.net/gamespot/images/box/9/5/5/587955_67168_front.jpg","http://image.gamespotcdn.net/gamespot/images/box/9/5/5/587955_67168_back.jpg","Jaguar XJ220","http://www.gamefaqs.com/segacd/587955-jaguar-xj220"
"Jaguar XJ220","EU","http://image.gamespotcdn.net/gamespot/images/box/9/5/5/587955_97317_front.jpg","http://image.gamespotcdn.net/gamespot/images/box/9/5/5/587955_97317_back.jpg","Jaguar XJ220","http://www.gamefaqs.com/segacd/587955-jaguar-xj220"
"Jangou World Cup","JP","http://image.gamespotcdn.net/gamespot/images/box/4/9/5/570495_9421_front.jpg","http://image.gamespotcdn.net/gamespot/images/box/4/9/5/570495_9421_back.jpg","Jangou World Cup","http://www.gamefaqs.com/segacd/570495-jangou-world-cup"
"Jeopardy!","US","http://image.gamespotcdn.net/gamespot/images/box/2/7/1/922271_68308_front.jpg","http://image.gamespotcdn.net/gamespot/images/box/2/7/1/922271_68308_back.jpg","Jeopardy!","http://www.gamefaqs.com/segacd/922271-jeopardy"
"Joe Montana's NFL Football","US","http://image.gamespotcdn.net/gamespot/images/box/9/5/6/587956_39996_front.jpg","","Joe Montana's NFL Football","http://www.gamefaqs.com/segacd/587956-joe-montanas-nfl-football"
"Jurassic Park","US","http://image.gamespotcdn.net/gamespot/images/box/2/7/2/922272_60610_front.jpg","http://image.gamespotcdn.net/gamespot/images/box/2/7/2/922272_60610_back.jpg","Jurassic Park","http://www.gamefaqs.com/segacd/922272-jurassic-park"
"Jurassic Park","EU","http://image.gamespotcdn.net/gamespot/images/box/2/7/2/922272_116321_front.jpg","http://image.gamespotcdn.net/gamespot/images/box/2/7/2/922272_116321_back.jpg","Jurassic Park","http://www.gamefaqs.com/segacd/922272-jurassic-park"
"Jurassic Park","JP","http://image.gamespotcdn.net/gamespot/images/box/2/7/2/922272_86823_front.jpg","http://image.gamespotcdn.net/gamespot/images/box/2/7/2/922272_86823_back.jpg","Jurassic Park","http://www.gamefaqs.com/segacd/922272-jurassic-park"
"Kamen Rider ZO","JP","http://image.gamespotcdn.net/gamespot/images/box/9/7/0/587970_5151_front.jpg","http://image.gamespotcdn.net/gamespot/images/box/9/7/0/587970_5151_back.jpg","The Masked Rider: Kamen Rider ZO","http://www.gamefaqs.com/segacd/587970-the-masked-rider-kamen-rider-zo"
"The Masked Rider: Kamen Rider ZO","US","http://image.gamespotcdn.net/gamespot/images/box/9/7/0/587970_92170_front.jpg","http://image.gamespotcdn.net/gamespot/images/box/9/7/0/587970_92170_back.jpg","The Masked Rider: Kamen Rider ZO","http://www.gamefaqs.com/segacd/587970-the-masked-rider-kamen-rider-zo"
"Keio Yugekitai","JP","http://image.gamespotcdn.net/gamespot/images/box/9/5/7/587957_4742_front.jpg","http://image.gamespotcdn.net/gamespot/images/box/9/5/7/587957_4742_back.jpg","Keio Flying Squadron","http://www.gamefaqs.com/segacd/587957-keio-flying-squadron"
"Keio Flying Squadron","US","http://image.gamespotcdn.net/gamespot/images/box/9/5/7/587957_71133_front.jpg","http://image.gamespotcdn.net/gamespot/images/box/9/5/7/587957_71133_back.jpg","Keio Flying Squadron","http://www.gamefaqs.com/segacd/587957-keio-flying-squadron"
"Keio Flying Squadron","EU","http://image.gamespotcdn.net/gamespot/images/box/9/5/7/587957_116322_front.jpg","http://image.gamespotcdn.net/gamespot/images/box/9/5/7/587957_116322_back.jpg","Keio Flying Squadron","http://www.gamefaqs.com/segacd/587957-keio-flying-squadron"
"Kids On Site","US","http://image.gamespotcdn.net/gamespot/images/box/9/5/8/587958_39997_front.jpg","http://image.gamespotcdn.net/gamespot/images/box/9/5/8/587958_39997_back.jpg","Kids On Site","http://www.gamefaqs.com/segacd/587958-kids-on-site"
"Kris Kross: Make My Video","US","http://image.gamespotcdn.net/gamespot/images/box/9/5/9/587959_53454_front.jpg","http://image.gamespotcdn.net/gamespot/images/box/9/5/9/587959_53454_back.jpg","Kris Kross: Make My Video","http://www.gamefaqs.com/segacd/587959-kris-kross-make-my-video"
"The Lawnmower Man","US","http://image.gamespotcdn.net/gamespot/images/box/7/9/2/921792_56507_front.jpg","http://image.gamespotcdn.net/gamespot/images/box/7/9/2/921792_56507_back.jpg","The Lawnmower Man","http://www.gamefaqs.com/segacd/921792-the-lawnmower-man"
"The Lawnmower Man","EU","http://image.gamespotcdn.net/gamespot/images/box/7/9/2/921792_116339_front.jpg","http://image.gamespotcdn.net/gamespot/images/box/7/9/2/921792_116339_back.jpg","The Lawnmower Man","http://www.gamefaqs.com/segacd/921792-the-lawnmower-man"
"Lethal Enforcers","JP","http://image.gamespotcdn.net/gamespot/images/box/1/4/9/922149_86827_front.jpg","http://image.gamespotcdn.net/gamespot/images/box/1/4/9/922149_86827_back.jpg","Lethal Enforcers","http://www.gamefaqs.com/segacd/922149-lethal-enforcers"
"Lethal Enforcers","US","http://image.gamespotcdn.net/gamespot/images/box/1/4/9/922149_57486_front.jpg","","Lethal Enforcers","http://www.gamefaqs.com/segacd/922149-lethal-enforcers"
"Lethal Enforcers","EU","http://image.gamespotcdn.net/gamespot/images/box/1/4/9/922149_114592_front.jpg","","Lethal Enforcers","http://www.gamefaqs.com/segacd/922149-lethal-enforcers"
"Lethal Enforcers II: Gunfighters","US","http://image.gamespotcdn.net/gamespot/images/box/9/6/0/587960_47035_front.jpg","http://image.gamespotcdn.net/gamespot/images/box/9/6/0/587960_47035_back.jpg","Lethal Enforcers II: Gunfighters","http://www.gamefaqs.com/segacd/587960-lethal-enforcers-ii-gunfighters"
"Lethal Enforcers II: The Western","JP","http://image.gamespotcdn.net/gamespot/images/box/9/6/0/587960_3916_front.jpg","http://image.gamespotcdn.net/gamespot/images/box/9/6/0/587960_3916_back.jpg","Lethal Enforcers II: Gunfighters","http://www.gamefaqs.com/segacd/587960-lethal-enforcers-ii-gunfighters"
"Lethal Enforcers II: Gun Fighters","EU","http://image.gamespotcdn.net/gamespot/images/box/9/6/0/587960_114593_front.jpg","http://image.gamespotcdn.net/gamespot/images/box/9/6/0/587960_114593_back.jpg","Lethal Enforcers II: Gunfighters","http://www.gamefaqs.com/segacd/587960-lethal-enforcers-ii-gunfighters"
"Links: The Challenge of Golf","US","http://image.gamespotcdn.net/gamespot/images/box/9/6/1/587961_39999_front.jpg","http://image.gamespotcdn.net/gamespot/images/box/9/6/1/587961_39999_back.jpg","Links: The Challenge of Golf","http://www.gamefaqs.com/segacd/587961-links-the-challenge-of-golf"
"Loadstar: The Legend of Tully Bodine","US","http://image.gamespotcdn.net/gamespot/images/box/9/6/2/587962_40000_front.jpg","http://image.gamespotcdn.net/gamespot/images/box/9/6/2/587962_40000_back.jpg","Loadstar: The Legend of Tully Bodine","http://www.gamefaqs.com/segacd/587962-loadstar-the-legend-of-tully-bodine"
"Lodoss Jima Senki: Eiyuu Sensou","JP","http://image.gamespotcdn.net/gamespot/images/box/4/9/7/570497_8709_front.jpg","http://image.gamespotcdn.net/gamespot/images/box/4/9/7/570497_8709_back.jpg","Lodoss Jima Senki","http://www.gamefaqs.com/segacd/570497-lodoss-jima-senki"
"Lords of Thunder","US","http://image.gamespotcdn.net/gamespot/images/box/9/6/3/587963_82184_front.jpg","http://image.gamespotcdn.net/gamespot/images/box/9/6/3/587963_82184_back.jpg","Lords of Thunder","http://www.gamefaqs.com/segacd/587963-lords-of-thunder"
"Lords of Thunder","EU","http://image.gamespotcdn.net/gamespot/images/box/9/6/3/587963_116324_front.jpg","http://image.gamespotcdn.net/gamespot/images/box/9/6/3/587963_116324_back.jpg","Lords of Thunder","http://www.gamefaqs.com/segacd/587963-lords-of-thunder"
"Lunar: Eternal Blue","JP","http://image.gamespotcdn.net/gamespot/images/box/9/6/4/587964_5104_front.jpg","http://image.gamespotcdn.net/gamespot/images/box/9/6/4/587964_5104_back.jpg","Lunar: Eternal Blue","http://www.gamefaqs.com/segacd/587964-lunar-eternal-blue"
"Lunar: Eternal Blue","US","http://image.gamespotcdn.net/gamespot/images/box/9/6/4/587964_47036_front.jpg","http://image.gamespotcdn.net/gamespot/images/box/9/6/4/587964_47036_back.jpg","Lunar: Eternal Blue","http://www.gamefaqs.com/segacd/587964-lunar-eternal-blue"
"Lunar: The Silver Star","US","http://image.gamespotcdn.net/gamespot/images/box/9/6/5/587965_47037_front.jpg","http://image.gamespotcdn.net/gamespot/images/box/9/6/5/587965_47037_back.jpg","Lunar: The Silver Star","http://www.gamefaqs.com/segacd/587965-lunar-the-silver-star"
"Lunar: Silver Star","JP","http://image.gamespotcdn.net/gamespot/images/box/9/6/5/587965_5105_front.jpg","http://image.gamespotcdn.net/gamespot/images/box/9/6/5/587965_5105_back.jpg","Lunar: The Silver Star","http://www.gamefaqs.com/segacd/587965-lunar-the-silver-star"
"Mad Dog II: The Lost Gold","US","http://image.gamespotcdn.net/gamespot/images/box/9/6/7/587967_40002_front.jpg","http://image.gamespotcdn.net/gamespot/images/box/9/6/7/587967_40002_back.jpg","Mad Dog II: The Lost Gold","http://www.gamefaqs.com/segacd/587967-mad-dog-ii-the-lost-gold"
"Mad Dog McCree","US","http://image.gamespotcdn.net/gamespot/images/box/9/6/6/587966_40001_front.jpg","http://image.gamespotcdn.net/gamespot/images/box/9/6/6/587966_40001_back.jpg","Mad Dog McCree","http://www.gamefaqs.com/segacd/587966-mad-dog-mccree"
"Mahou no Shoujo: Silky Lip","JP","http://image.gamespotcdn.net/gamespot/images/box/4/9/8/570498_9964_front.jpg","http://image.gamespotcdn.net/gamespot/images/box/4/9/8/570498_9964_back.jpg","Mahou no Shoujo: Silky Lip","http://www.gamefaqs.com/segacd/570498-mahou-no-shoujo-silky-lip"
"Mansion of Hidden Souls","US","http://image.gamespotcdn.net/gamespot/images/box/9/6/8/587968_47038_front.jpg","http://image.gamespotcdn.net/gamespot/images/box/9/6/8/587968_47038_back.jpg","Mansion of Hidden Souls","http://www.gamefaqs.com/segacd/587968-mansion-of-hidden-souls"
"Yumemi Yataki no Monogatari","JP","http://image.gamespotcdn.net/gamespot/images/box/9/6/8/587968_3788_front.jpg","http://image.gamespotcdn.net/gamespot/images/box/9/6/8/587968_3788_back.jpg","Mansion of Hidden Souls","http://www.gamefaqs.com/segacd/587968-mansion-of-hidden-souls"
"Yumemi Mystery Mansion","EU","http://image.gamespotcdn.net/gamespot/images/box/9/6/8/587968_72639_front.jpg","http://image.gamespotcdn.net/gamespot/images/box/9/6/8/587968_72639_back.jpg","Mansion of Hidden Souls","http://www.gamefaqs.com/segacd/587968-mansion-of-hidden-souls"
"Marko's Magic Football","EU","http://image.gamespotcdn.net/gamespot/images/box/5/8/3/928583_114594_front.jpg","http://image.gamespotcdn.net/gamespot/images/box/5/8/3/928583_114594_back.jpg","Marko","http://www.gamefaqs.com/segacd/928583-marko"
"Marky Mark and the Funky Bunch: Make My Video","US","http://image.gamespotcdn.net/gamespot/images/box/9/6/9/587969_40003_front.jpg","http://image.gamespotcdn.net/gamespot/images/box/9/6/9/587969_40003_back.jpg","Marky Mark and the Funky Bunch: Make My Video","http://www.gamefaqs.com/segacd/587969-marky-mark-and-the-funky-bunch-make-my-video"
"Mary Shelley's Frankenstein / Bram Stoker's Dracula","US","http://image.gamespotcdn.net/gamespot/images/box/8/9/7/928897_68307_front.jpg","http://image.gamespotcdn.net/gamespot/images/box/8/9/7/928897_68307_back.jpg","Mary Shelley's Frankenstein / Bram Stoker's Dracula","http://www.gamefaqs.com/segacd/928897-mary-shelleys-frankenstein-bram-stokers-dracula"
"Mega Race","US","http://image.gamespotcdn.net/gamespot/images/box/9/7/1/587971_40004_front.jpg","http://image.gamespotcdn.net/gamespot/images/box/9/7/1/587971_40004_back.jpg","Mega Race","http://www.gamefaqs.com/segacd/587971-mega-race"
"Mega Schwarzschild","JP","http://image.gamespotcdn.net/gamespot/images/box/4/9/9/570499_8710_front.jpg","http://image.gamespotcdn.net/gamespot/images/box/4/9/9/570499_8710_back.jpg","Mega Schwarzschild","http://www.gamefaqs.com/segacd/570499-mega-schwarzschild"
"Mickey Mania: The Timeless Adventures of Mickey Mouse","US","http://image.gamespotcdn.net/gamespot/images/box/9/8/1/920981_54832_front.jpg","http://image.gamespotcdn.net/gamespot/images/box/9/8/1/920981_54832_back.jpg","Mickey Mania: The Timeless Adventures of Mickey Mouse","http://www.gamefaqs.com/segacd/920981-mickey-mania-the-timeless-adventures-of-mickey"
"Mickey Mania","EU","http://image.gamespotcdn.net/gamespot/images/box/9/8/1/920981_147713_front.jpg","http://image.gamespotcdn.net/gamespot/images/box/9/8/1/920981_147713_back.jpg","Mickey Mania: The Timeless Adventures of Mickey Mouse","http://www.gamefaqs.com/segacd/920981-mickey-mania-the-timeless-adventures-of-mickey"
"Microcosm","US","http://image.gamespotcdn.net/gamespot/images/box/9/7/2/587972_68191_front.jpg","http://image.gamespotcdn.net/gamespot/images/box/9/7/2/587972_68191_back.jpg","Microcosm","http://www.gamefaqs.com/segacd/587972-microcosm"
"Microcosm","EU","http://image.gamespotcdn.net/gamespot/images/box/9/7/2/587972_116325_front.jpg","http://image.gamespotcdn.net/gamespot/images/box/9/7/2/587972_116325_back.jpg","Microcosm","http://www.gamefaqs.com/segacd/587972-microcosm"
"Microcosm","JP","http://image.gamespotcdn.net/gamespot/images/box/9/7/2/587972_4743_front.jpg","http://image.gamespotcdn.net/gamespot/images/box/9/7/2/587972_4743_back.jpg","Microcosm","http://www.gamefaqs.com/segacd/587972-microcosm"
"Midnight Raiders","US","http://image.gamespotcdn.net/gamespot/images/box/7/9/0/921790_56505_front.jpg","http://image.gamespotcdn.net/gamespot/images/box/7/9/0/921790_56505_back.jpg","Midnight Raiders","http://www.gamefaqs.com/segacd/921790-midnight-raiders"
"Midnight Raiders","EU","http://image.gamespotcdn.net/gamespot/images/box/7/9/0/921790_116326_front.jpg","http://image.gamespotcdn.net/gamespot/images/box/7/9/0/921790_116326_back.jpg","Midnight Raiders","http://www.gamefaqs.com/segacd/921790-midnight-raiders"
"Might and Magic III: Isles of Terra","JP","http://image.gamespotcdn.net/gamespot/images/box/5/0/0/570500_8889_front.jpg","http://image.gamespotcdn.net/gamespot/images/box/5/0/0/570500_8889_back.jpg","Might and Magic III: Isles of Terra","http://www.gamefaqs.com/segacd/570500-might-and-magic-iii-isles-of-terra"
"The Secret of Monkey Island","US","http://image.gamespotcdn.net/gamespot/images/box/9/9/2/587992_80885_front.jpg","http://image.gamespotcdn.net/gamespot/images/box/9/9/2/587992_80885_back.jpg","The Secret of Monkey Island","http://www.gamefaqs.com/segacd/587992-the-secret-of-monkey-island"
"Monkey Island: Yourei Kaizoku Daisoudou!","JP","http://image.gamespotcdn.net/gamespot/images/box/9/9/2/587992_4745_front.jpg","http://image.gamespotcdn.net/gamespot/images/box/9/9/2/587992_4745_back.jpg","The Secret of Monkey Island","http://www.gamefaqs.com/segacd/587992-the-secret-of-monkey-island"
"Mortal Kombat","US","http://image.gamespotcdn.net/gamespot/images/box/5/7/5/919575_52180_front.jpg","http://image.gamespotcdn.net/gamespot/images/box/5/7/5/919575_52180_back.jpg","Mortal Kombat","http://www.gamefaqs.com/segacd/919575-mortal-kombat"
"Mortal Kombat","EU","http://image.gamespotcdn.net/gamespot/images/box/5/7/5/919575_116327_front.jpg","http://image.gamespotcdn.net/gamespot/images/box/5/7/5/919575_116327_back.jpg","Mortal Kombat","http://www.gamefaqs.com/segacd/919575-mortal-kombat"
"Mortal Kombat Kanzen-han","JP","http://image.gamespotcdn.net/gamespot/images/box/5/7/5/919575_86821_front.jpg","http://image.gamespotcdn.net/gamespot/images/box/5/7/5/919575_86821_back.jpg","Mortal Kombat","http://www.gamefaqs.com/segacd/919575-mortal-kombat"
"My Paint: The Animated Paint Program","US","http://image.gamespotcdn.net/gamespot/images/box/9/7/4/587974_40006_front.jpg","http://image.gamespotcdn.net/gamespot/images/box/9/7/4/587974_40006_back.jpg","My Paint: The Animated Paint Program","http://www.gamefaqs.com/segacd/587974-my-paint-the-animated-paint-program"
"NBA Jam","JP","http://image.gamespotcdn.net/gamespot/images/box/2/7/3/922273_86824_front.jpg","http://image.gamespotcdn.net/gamespot/images/box/2/7/3/922273_86824_back.jpg","NBA Jam","http://www.gamefaqs.com/segacd/922273-nba-jam"
"NBA Jam","US","http://image.gamespotcdn.net/gamespot/images/box/2/7/3/922273_61536_front.jpg","http://image.gamespotcdn.net/gamespot/images/box/2/7/3/922273_61536_back.jpg","NBA Jam","http://www.gamefaqs.com/segacd/922273-nba-jam"
"NBA Jam","EU","http://image.gamespotcdn.net/gamespot/images/box/2/7/3/922273_97318_front.jpg","http://image.gamespotcdn.net/gamespot/images/box/2/7/3/922273_97318_back.jpg","NBA Jam","http://www.gamefaqs.com/segacd/922273-nba-jam"
"NFL Football Trivia Challenge","US","http://image.gamespotcdn.net/gamespot/images/box/9/7/6/587976_40008_front.jpg","http://image.gamespotcdn.net/gamespot/images/box/9/7/6/587976_40008_back.jpg","NFL Football Trivia Challenge","http://www.gamefaqs.com/segacd/587976-nfl-football-trivia-challenge"
"NFL's Greatest: San Francisco Vs. Dallas 1978-1993","US","http://image.gamespotcdn.net/gamespot/images/box/9/7/5/587975_40007_front.jpg","http://image.gamespotcdn.net/gamespot/images/box/9/7/5/587975_40007_back.jpg","NFL's Greatest: San Francisco Vs. Dallas 1978-1993","http://www.gamefaqs.com/segacd/587975-nfls-greatest-san-francisco-vs-dallas-1978-1993"
"NHL '94","US","http://image.gamespotcdn.net/gamespot/images/box/0/2/4/921024_55005_front.jpg","","NHL '94","http://www.gamefaqs.com/segacd/921024-nhl-94"
"NHL Hockey '94","EU","http://image.gamespotcdn.net/gamespot/images/box/0/2/4/921024_97319_front.jpg","http://image.gamespotcdn.net/gamespot/images/box/0/2/4/921024_97319_back.jpg","NHL '94","http://www.gamefaqs.com/segacd/921024-nhl-94"
"Night Striker","JP","http://image.gamespotcdn.net/gamespot/images/box/5/0/1/570501_8868_front.jpg","http://image.gamespotcdn.net/gamespot/images/box/5/0/1/570501_8868_back.jpg","Night Striker","http://www.gamefaqs.com/segacd/570501-night-striker"
"Night Trap","JP","http://image.gamespotcdn.net/gamespot/images/box/1/8/5/920185_53836_front.jpg","http://image.gamespotcdn.net/gamespot/images/box/1/8/5/920185_53836_back.jpg","Night Trap","http://www.gamefaqs.com/segacd/920185-night-trap"
"Night Trap","US","http://image.gamespotcdn.net/gamespot/images/box/1/8/5/920185_53835_front.jpg","http://image.gamespotcdn.net/gamespot/images/box/1/8/5/920185_53835_back.jpg","Night Trap","http://www.gamefaqs.com/segacd/920185-night-trap"
"Night Trap","EU","http://image.gamespotcdn.net/gamespot/images/box/1/8/5/920185_97320_front.jpg","http://image.gamespotcdn.net/gamespot/images/box/1/8/5/920185_97320_back.jpg","Night Trap","http://www.gamefaqs.com/segacd/920185-night-trap"
"Night Trap (Re-release)","US","http://image.gamespotcdn.net/gamespot/images/box/1/8/5/920185_86107_front.jpg","http://image.gamespotcdn.net/gamespot/images/box/1/8/5/920185_86107_back.jpg","Night Trap","http://www.gamefaqs.com/segacd/920185-night-trap"
"The Ninja Warriors","JP","http://image.gamespotcdn.net/gamespot/images/box/0/8/6/570086_8865_front.jpg","http://image.gamespotcdn.net/gamespot/images/box/0/8/6/570086_8865_back.jpg","The Ninja Warriors","http://www.gamefaqs.com/segacd/570086-the-ninja-warriors"
"Nobunaga no Yabou: Haouden","JP","http://image.gamespotcdn.net/gamespot/images/box/3/3/3/922333_86830_front.jpg","http://image.gamespotcdn.net/gamespot/images/box/3/3/3/922333_86830_back.jpg","Nobunaga no Yabou: Haouden","http://www.gamefaqs.com/segacd/922333-nobunaga-no-yabou-haouden"
"Nostalgia 1907","JP","http://image.gamespotcdn.net/gamespot/images/box/5/0/2/570502_10111_front.jpg","http://image.gamespotcdn.net/gamespot/images/box/5/0/2/570502_10111_back.jpg","Nostalgia 1907","http://www.gamefaqs.com/segacd/570502-nostalgia-1907"
"Novastorm","US","http://image.gamespotcdn.net/gamespot/images/box/9/7/7/587977_40009_front.jpg","http://image.gamespotcdn.net/gamespot/images/box/9/7/7/587977_40009_back.jpg","Novastorm","http://www.gamefaqs.com/segacd/587977-novastorm"
"Switch","JP","http://image.gamespotcdn.net/gamespot/images/box/9/7/9/587979_3790_front.jpg","http://image.gamespotcdn.net/gamespot/images/box/9/7/9/587979_3790_back.jpg","Panic!","http://www.gamefaqs.com/segacd/587979-panic"
"Panic!","US","http://image.gamespotcdn.net/gamespot/images/box/9/7/9/587979_91838_front.jpg","http://image.gamespotcdn.net/gamespot/images/box/9/7/9/587979_91838_back.jpg","Panic!","http://www.gamefaqs.com/segacd/587979-panic"
"Pitfall: The Mayan Adventure","US","http://image.gamespotcdn.net/gamespot/images/box/5/6/2/927562_66465_front.jpg","http://image.gamespotcdn.net/gamespot/images/box/5/6/2/927562_66465_back.jpg","Pitfall: The Mayan Adventure","http://www.gamefaqs.com/segacd/927562-pitfall-the-mayan-adventure"
"Pitfall: The Mayan Adventure","EU","http://image.gamespotcdn.net/gamespot/images/box/5/6/2/927562_114596_front.jpg","","Pitfall: The Mayan Adventure","http://www.gamefaqs.com/segacd/927562-pitfall-the-mayan-adventure"
"Popful Mail","JP","http://image.gamespotcdn.net/gamespot/images/box/9/8/0/587980_3791_front.jpg","http://image.gamespotcdn.net/gamespot/images/box/9/8/0/587980_3791_back.jpg","Popful Mail","http://www.gamefaqs.com/segacd/587980-popful-mail"
"Popful Mail","US","http://image.gamespotcdn.net/gamespot/images/box/9/8/0/587980_57112_front.jpg","http://image.gamespotcdn.net/gamespot/images/box/9/8/0/587980_57112_back.jpg","Popful Mail","http://www.gamefaqs.com/segacd/587980-popful-mail"
"Power Factory Featuring C+C Music Factory","US","http://image.gamespotcdn.net/gamespot/images/box/2/8/3/564283_53410_front.jpg","http://image.gamespotcdn.net/gamespot/images/box/2/8/3/564283_53410_back.jpg","Power Factory Featuring C+C Music Factory","http://www.gamefaqs.com/segacd/564283-power-factory-featuring-cc-music-factory"
"Power Monger","US","http://image.gamespotcdn.net/gamespot/images/box/1/7/3/929173_68752_front.jpg","http://image.gamespotcdn.net/gamespot/images/box/1/7/3/929173_68752_back.jpg","Power Monger","http://www.gamefaqs.com/segacd/929173-power-monger"
"Power Monger","EU","http://image.gamespotcdn.net/gamespot/images/box/1/7/3/929173_116329_front.jpg","http://image.gamespotcdn.net/gamespot/images/box/1/7/3/929173_116329_back.jpg","Power Monger","http://www.gamefaqs.com/segacd/929173-power-monger"
"Prince of Persia","JP","http://image.gamespotcdn.net/gamespot/images/box/0/2/5/921025_86820_front.jpg","http://image.gamespotcdn.net/gamespot/images/box/0/2/5/921025_86820_back.jpg","Prince of Persia","http://www.gamefaqs.com/segacd/921025-prince-of-persia"
"Prince of Persia","US","http://image.gamespotcdn.net/gamespot/images/box/0/2/5/921025_55006_front.jpg","http://image.gamespotcdn.net/gamespot/images/box/0/2/5/921025_55006_back.jpg","Prince of Persia","http://www.gamefaqs.com/segacd/921025-prince-of-persia"
"Prince of Persia","EU","http://image.gamespotcdn.net/gamespot/images/box/0/2/5/921025_97321_front.jpg","http://image.gamespotcdn.net/gamespot/images/box/0/2/5/921025_97321_back.jpg","Prince of Persia","http://www.gamefaqs.com/segacd/921025-prince-of-persia"
"Prize Fighter","US","http://image.gamespotcdn.net/gamespot/images/box/9/8/2/587982_51639_front.jpg","http://image.gamespotcdn.net/gamespot/images/box/9/8/2/587982_51639_back.jpg","Prize Fighter","http://www.gamefaqs.com/segacd/587982-prize-fighter"
"Prize Fighter","EU","http://image.gamespotcdn.net/gamespot/images/box/9/8/2/587982_116330_front.jpg","http://image.gamespotcdn.net/gamespot/images/box/9/8/2/587982_116330_back.jpg","Prize Fighter","http://www.gamefaqs.com/segacd/587982-prize-fighter"
"Prize Fighter","JP","http://image.gamespotcdn.net/gamespot/images/box/9/8/2/587982_3792_front.jpg","http://image.gamespotcdn.net/gamespot/images/box/9/8/2/587982_3792_back.jpg","Prize Fighter","http://www.gamefaqs.com/segacd/587982-prize-fighter"
"Pro Yakyuu Super League CD","JP","http://image.gamespotcdn.net/gamespot/images/box/5/0/4/570504_8711_front.jpg","http://image.gamespotcdn.net/gamespot/images/box/5/0/4/570504_8711_back.jpg","Pro Yakyuu Super League CD","http://www.gamefaqs.com/segacd/570504-pro-yakyuu-super-league-cd"
"Psychic Detective Series Vol. 3: Aya","JP","http://image.gamespotcdn.net/gamespot/images/box/4/7/2/570472_10109_front.jpg","http://image.gamespotcdn.net/gamespot/images/box/4/7/2/570472_10109_back.jpg","Psychic Detective Series Vol. 3: Aya","http://www.gamefaqs.com/segacd/570472-psychic-detective-series-vol-3-aya"
"Psychic Detective Series Vol. 4: Orgel","JP","http://image.gamespotcdn.net/gamespot/images/box/5/0/3/570503_10110_front.jpg","http://image.gamespotcdn.net/gamespot/images/box/5/0/3/570503_10110_back.jpg","Psychic Detective Series Vol. 4: Orgel","http://www.gamefaqs.com/segacd/570503-psychic-detective-series-vol-4-orgel"
"Puggsy","US","http://image.gamespotcdn.net/gamespot/images/box/2/7/6/922276_61537_front.jpg","http://image.gamespotcdn.net/gamespot/images/box/2/7/6/922276_61537_back.jpg","Puggsy","http://www.gamefaqs.com/segacd/922276-puggsy"
"Puggsy","EU","http://image.gamespotcdn.net/gamespot/images/box/2/7/6/922276_97322_front.jpg","http://image.gamespotcdn.net/gamespot/images/box/2/7/6/922276_97322_back.jpg","Puggsy","http://www.gamefaqs.com/segacd/922276-puggsy"
"Quiz Scramble Special","JP","http://image.gamespotcdn.net/gamespot/images/box/5/0/5/570505_8712_front.jpg","http://image.gamespotcdn.net/gamespot/images/box/5/0/5/570505_8712_back.jpg","Quiz Scramble Special","http://www.gamefaqs.com/segacd/570505-quiz-scramble-special"
"Racing Aces","US","http://image.gamespotcdn.net/gamespot/images/box/9/8/3/587983_40011_front.jpg","http://image.gamespotcdn.net/gamespot/images/box/9/8/3/587983_40011_back.jpg","Racing Aces","http://www.gamefaqs.com/segacd/587983-racing-aces"
"Radical Rex","US","http://image.gamespotcdn.net/gamespot/images/box/2/7/7/922277_67224_front.jpg","","Radical Rex","http://www.gamefaqs.com/segacd/922277-radical-rex"
"Ranma 1/2: Byakuran Aika","JP","http://image.gamespotcdn.net/gamespot/images/box/1/8/3/567183_6349_front.jpg","http://image.gamespotcdn.net/gamespot/images/box/1/8/3/567183_6349_back.jpg","Ranma 1/2: Byakuran Aika","http://www.gamefaqs.com/segacd/567183-ranma-1-2-byakuran-aika"
"RDF Global Conflict","US","http://image.gamespotcdn.net/gamespot/images/box/9/8/4/587984_40012_front.jpg","http://image.gamespotcdn.net/gamespot/images/box/9/8/4/587984_40012_back.jpg","RDF Global Conflict","http://www.gamefaqs.com/segacd/587984-rdf-global-conflict"
"Revenge of the Ninja","US","http://image.gamespotcdn.net/gamespot/images/box/9/8/5/587985_40013_front.jpg","http://image.gamespotcdn.net/gamespot/images/box/9/8/5/587985_40013_back.jpg","Revenge of the Ninja","http://www.gamefaqs.com/segacd/587985-revenge-of-the-ninja"
"Rise of the Dragon: A Blade Hunter Mystery","JP","http://image.gamespotcdn.net/gamespot/images/box/9/8/7/587987_3793_front.jpg","http://image.gamespotcdn.net/gamespot/images/box/9/8/7/587987_3793_back.jpg","Rise of the Dragon: A Blade Hunter Mystery","http://www.gamefaqs.com/segacd/587987-rise-of-the-dragon-a-blade-hunter-mystery"
"Rise of the Dragon","US","http://image.gamespotcdn.net/gamespot/images/box/9/8/7/587987_60952_front.jpg","http://image.gamespotcdn.net/gamespot/images/box/9/8/7/587987_60952_back.jpg","Rise of the Dragon: A Blade Hunter Mystery","http://www.gamefaqs.com/segacd/587987-rise-of-the-dragon-a-blade-hunter-mystery"
"Road Blaster FX","JP","http://image.gamespotcdn.net/gamespot/images/box/9/8/8/587988_5238_front.jpg","http://image.gamespotcdn.net/gamespot/images/box/9/8/8/587988_5238_back.jpg","Road Avenger","http://www.gamefaqs.com/segacd/587988-road-avenger"
"Road Avenger","US","http://image.gamespotcdn.net/gamespot/images/box/9/8/8/587988_92171_front.jpg","http://image.gamespotcdn.net/gamespot/images/box/9/8/8/587988_92171_back.jpg","Road Avenger","http://www.gamefaqs.com/segacd/587988-road-avenger"
"Road Avenger","EU","http://image.gamespotcdn.net/gamespot/images/box/9/8/8/587988_97323_front.jpg","http://image.gamespotcdn.net/gamespot/images/box/9/8/8/587988_97323_back.jpg","Road Avenger","http://www.gamefaqs.com/segacd/587988-road-avenger"
"Road Rash","US","http://image.gamespotcdn.net/gamespot/images/box/2/7/8/922278_89086_front.jpg","http://image.gamespotcdn.net/gamespot/images/box/2/7/8/922278_89086_back.jpg","Road Rash","http://www.gamefaqs.com/segacd/922278-road-rash"
"San Goku Shi III","JP","http://image.gamespotcdn.net/gamespot/images/box/1/8/5/939185_86832_front.jpg","http://image.gamespotcdn.net/gamespot/images/box/1/8/5/939185_86832_back.jpg","Romance of the Three Kingdoms III","http://www.gamefaqs.com/segacd/939185-romance-of-the-three-kingdoms-iii"
"Samurai Shodown","US","http://image.gamespotcdn.net/gamespot/images/box/9/9/1/587991_49880_front.jpg","http://image.gamespotcdn.net/gamespot/images/box/9/9/1/587991_49880_back.jpg","Samurai Shodown","http://www.gamefaqs.com/segacd/587991-samurai-shodown"
"The San Diego Zoo Presents: The Animals!","US","http://image.gamespotcdn.net/gamespot/images/box/9/2/3/587923_39978_front.jpg","http://image.gamespotcdn.net/gamespot/images/box/9/2/3/587923_39978_back.jpg","The San Diego Zoo Presents: The Animals!","http://www.gamefaqs.com/segacd/587923-the-san-diego-zoo-presents-the-animals"
"Sega Classics Arcade Collection 4-in-1","US","http://image.gamespotcdn.net/gamespot/images/box/9/1/7/587917_68203_front.jpg","","Sega Classics Arcade Collection 4-in-1","http://www.gamefaqs.com/segacd/587917-sega-classics-arcade-collection-4-in-1"
"Sega Classics Arcade Collection","JP","http://image.gamespotcdn.net/gamespot/images/box/9/1/7/587917_3778_front.jpg","http://image.gamespotcdn.net/gamespot/images/box/9/1/7/587917_3778_back.jpg","Sega Classics Arcade Collection 4-in-1","http://www.gamefaqs.com/segacd/587917-sega-classics-arcade-collection-4-in-1"
"Sega Classics Arcade Collection: Limited Edition","EU","http://image.gamespotcdn.net/gamespot/images/box/9/1/8/587918_97324_front.jpg","http://image.gamespotcdn.net/gamespot/images/box/9/1/8/587918_97324_back.jpg","Sega Classics Arcade Collection(5-in-1)","http://www.gamefaqs.com/segacd/587918-sega-classics-arcade-collection-5-in-1"
"Sega Classics Arcade Collection(5-in-1)","US","http://image.gamespotcdn.net/gamespot/images/box/9/1/8/587918_39976_front.jpg","","Sega Classics Arcade Collection(5-in-1)","http://www.gamefaqs.com/segacd/587918-sega-classics-arcade-collection-5-in-1"
"Seima Densetsu 3X3 Eyes","JP","http://image.gamespotcdn.net/gamespot/images/box/7/9/9/581799_21194_front.jpg","http://image.gamespotcdn.net/gamespot/images/box/7/9/9/581799_21194_back.jpg","Seima Densetsu 3X3 Eyes","http://www.gamefaqs.com/segacd/581799-seima-densetsu-3x3-eyes"
"Sengoku Denshou","JP","http://image.gamespotcdn.net/gamespot/images/box/5/0/8/570508_9618_front.jpg","http://image.gamespotcdn.net/gamespot/images/box/5/0/8/570508_9618_back.jpg","Sengoku Denshou","http://www.gamefaqs.com/segacd/570508-sengoku-denshou"
"Sewer Shark","US","http://image.gamespotcdn.net/gamespot/images/box/4/4/8/586448_53448_front.jpg","","Sewer Shark","http://www.gamefaqs.com/segacd/586448-sewer-shark"
"Sewer Shark","EU","http://image.gamespotcdn.net/gamespot/images/box/4/4/8/586448_111722_front.jpg","http://image.gamespotcdn.net/gamespot/images/box/4/4/8/586448_111722_back.jpg","Sewer Shark","http://www.gamefaqs.com/segacd/586448-sewer-shark"
"Shadowrun","JP","http://image.gamespotcdn.net/gamespot/images/box/2/1/6/919216_27062_front.jpg","http://image.gamespotcdn.net/gamespot/images/box/2/1/6/919216_27062_back.jpg","Shadowrun","http://www.gamefaqs.com/segacd/919216-shadowrun"
"Sherlock Holmes Consulting Detective Vol. II","US","http://image.gamespotcdn.net/gamespot/images/box/9/9/4/587994_47043_front.jpg","http://image.gamespotcdn.net/gamespot/images/box/9/9/4/587994_47043_back.jpg","Sherlock Holmes Consulting Detective Vol. II","http://www.gamefaqs.com/segacd/587994-sherlock-holmes-consulting-detective-vol-ii"
"Sherlock Holmes Consulting Detective Vol. II","EU","http://image.gamespotcdn.net/gamespot/images/box/9/9/4/587994_97325_front.jpg","http://image.gamespotcdn.net/gamespot/images/box/9/9/4/587994_97325_back.jpg","Sherlock Holmes Consulting Detective Vol. II","http://www.gamefaqs.com/segacd/587994-sherlock-holmes-consulting-detective-vol-ii"
"Sherlock Holmes: Consulting Detective (w/ Sega CD)","US","http://image.gamespotcdn.net/gamespot/images/box/9/9/3/587993_47042_front.jpg","","Sherlock Holmes: Consulting Detective","http://www.gamefaqs.com/segacd/587993-sherlock-holmes-consulting-detective"
"Sherlock Holmes: Consulting Detective","EU","http://image.gamespotcdn.net/gamespot/images/box/9/9/3/587993_108694_front.jpg","http://image.gamespotcdn.net/gamespot/images/box/9/9/3/587993_108694_back.jpg","Sherlock Holmes: Consulting Detective","http://www.gamefaqs.com/segacd/587993-sherlock-holmes-consulting-detective"
"Shin Megami Tensei","JP","http://image.gamespotcdn.net/gamespot/images/box/5/1/0/570510_9070_front.jpg","http://image.gamespotcdn.net/gamespot/images/box/5/1/0/570510_9070_back.jpg","Shin Megami Tensei","http://www.gamefaqs.com/segacd/570510-shin-megami-tensei"
"Shining Force CD","US","http://image.gamespotcdn.net/gamespot/images/box/4/9/1/563491_45525_front.jpg","http://image.gamespotcdn.net/gamespot/images/box/4/9/1/563491_45525_back.jpg","Shining Force CD","http://www.gamefaqs.com/segacd/563491-shining-force-cd"
"Shining Force CD","JP","http://image.gamespotcdn.net/gamespot/images/box/4/9/1/563491_3794_front.jpg","http://image.gamespotcdn.net/gamespot/images/box/4/9/1/563491_3794_back.jpg","Shining Force CD","http://www.gamefaqs.com/segacd/563491-shining-force-cd"
"Shining Force CD","EU","http://image.gamespotcdn.net/gamespot/images/box/4/9/1/563491_57179_front.jpg","http://image.gamespotcdn.net/gamespot/images/box/4/9/1/563491_57179_back.jpg","Shining Force CD","http://www.gamefaqs.com/segacd/563491-shining-force-cd"
"Silpheed","JP","http://image.gamespotcdn.net/gamespot/images/box/9/9/5/587995_5106_front.jpg","http://image.gamespotcdn.net/gamespot/images/box/9/9/5/587995_5106_back.jpg","Silpheed","http://www.gamefaqs.com/segacd/587995-silpheed"
"Silpheed","US","http://image.gamespotcdn.net/gamespot/images/box/9/9/5/587995_86108_front.jpg","http://image.gamespotcdn.net/gamespot/images/box/9/9/5/587995_86108_back.jpg","Silpheed","http://www.gamefaqs.com/segacd/587995-silpheed"
"Silpheed","EU","http://image.gamespotcdn.net/gamespot/images/box/9/9/5/587995_97326_front.jpg","http://image.gamespotcdn.net/gamespot/images/box/9/9/5/587995_97326_back.jpg","Silpheed","http://www.gamefaqs.com/segacd/587995-silpheed"
"SimEarth: The Living Planet","JP","http://image.gamespotcdn.net/gamespot/images/box/5/0/9/570509_8713_front.jpg","http://image.gamespotcdn.net/gamespot/images/box/5/0/9/570509_8713_back.jpg","SimEarth: The Living Planet","http://www.gamefaqs.com/segacd/570509-simearth-the-living-planet"
"Slam City with Scottie Pippen","US","http://image.gamespotcdn.net/gamespot/images/box/2/8/0/922280_86109_front.jpg","http://image.gamespotcdn.net/gamespot/images/box/2/8/0/922280_86109_back.jpg","Slam City with Scottie Pippen","http://www.gamefaqs.com/segacd/922280-slam-city-with-scottie-pippen"
"Slam City with Scottie Pippen","EU","http://image.gamespotcdn.net/gamespot/images/box/2/8/0/922280_116334_front.jpg","","Slam City with Scottie Pippen","http://www.gamefaqs.com/segacd/922280-slam-city-with-scottie-pippen"
"The Smurfs","EU","http://image.gamespotcdn.net/gamespot/images/box/3/6/4/696364_295437_front.jpg","","The Smurfs","http://www.gamefaqs.com/segacd/696364-the-smurfs"
"Snatcher","US","http://image.gamespotcdn.net/gamespot/images/box/4/9/2/563492_45526_front.jpg","http://image.gamespotcdn.net/gamespot/images/box/4/9/2/563492_45526_back.jpg","Snatcher","http://www.gamefaqs.com/segacd/563492-snatcher"
"Snatcher","EU","http://image.gamespotcdn.net/gamespot/images/box/4/9/2/563492_3917_front.jpg","http://image.gamespotcdn.net/gamespot/images/box/4/9/2/563492_3917_back.jpg","Snatcher","http://www.gamefaqs.com/segacd/563492-snatcher"
"Star Wars Chess","US","http://image.gamespotcdn.net/gamespot/images/box/0/0/1/588001_40018_front.jpg","http://image.gamespotcdn.net/gamespot/images/box/0/0/1/588001_40018_back.jpg","Star Wars Chess","http://www.gamefaqs.com/segacd/588001-star-wars-chess"
"The Software Toolworks' Star Wars Chess","EU","http://image.gamespotcdn.net/gamespot/images/box/0/0/1/588001_116336_front.jpg","","Star Wars Chess","http://www.gamefaqs.com/segacd/588001-star-wars-chess"
"Sol-Feace","JP","http://image.gamespotcdn.net/gamespot/images/box/9/9/6/587996_5239_front.jpg","http://image.gamespotcdn.net/gamespot/images/box/9/9/6/587996_5239_back.jpg","Sol-Feace","http://www.gamefaqs.com/segacd/587996-sol-feace"
"Sol-Feace","US","http://image.gamespotcdn.net/gamespot/images/box/9/9/6/587996_116335_front.jpg","http://image.gamespotcdn.net/gamespot/images/box/9/9/6/587996_116335_back.jpg","Sol-Feace","http://www.gamefaqs.com/segacd/587996-sol-feace"
"Sol-Feace","EU","http://image.gamespotcdn.net/gamespot/images/box/9/9/6/587996_97327_front.jpg","","Sol-Feace","http://www.gamefaqs.com/segacd/587996-sol-feace"
"Sonic the Hedgehog CD","JP","http://image.gamespotcdn.net/gamespot/images/box/9/9/7/587997_40015_front.jpg","http://image.gamespotcdn.net/gamespot/images/box/9/9/7/587997_40015_back.jpg","Sonic CD","http://www.gamefaqs.com/segacd/587997-sonic-cd"
"Sonic CD","EU","http://image.gamespotcdn.net/gamespot/images/box/9/9/7/587997_65830_front.jpg","http://image.gamespotcdn.net/gamespot/images/box/9/9/7/587997_65830_back.jpg","Sonic CD","http://www.gamefaqs.com/segacd/587997-sonic-cd"
"Sonic CD","US","http://image.gamespotcdn.net/gamespot/images/box/9/9/7/587997_49881_front.jpg","http://image.gamespotcdn.net/gamespot/images/box/9/9/7/587997_49881_back.jpg","Sonic CD","http://www.gamefaqs.com/segacd/587997-sonic-cd"
"Sonic CD (Pack-In)","US","http://image.gamespotcdn.net/gamespot/images/box/9/9/7/587997_246761_front.jpg","http://image.gamespotcdn.net/gamespot/images/box/9/9/7/587997_246761_back.jpg","Sonic CD","http://www.gamefaqs.com/segacd/587997-sonic-cd"
"SoulStar","US","http://image.gamespotcdn.net/gamespot/images/box/9/9/8/587998_47044_front.jpg","http://image.gamespotcdn.net/gamespot/images/box/9/9/8/587998_47044_back.jpg","SoulStar","http://www.gamefaqs.com/segacd/587998-soulstar"
"SoulStar","EU","http://image.gamespotcdn.net/gamespot/images/box/9/9/8/587998_108695_front.jpg","http://image.gamespotcdn.net/gamespot/images/box/9/9/8/587998_108695_back.jpg","SoulStar","http://www.gamefaqs.com/segacd/587998-soulstar"
"Soul Star","JP","http://image.gamespotcdn.net/gamespot/images/box/9/9/8/587998_4747_front.jpg","http://image.gamespotcdn.net/gamespot/images/box/9/9/8/587998_4747_back.jpg","SoulStar","http://www.gamefaqs.com/segacd/587998-soulstar"
"Space Ace","US","http://image.gamespotcdn.net/gamespot/images/box/9/9/9/587999_40016_front.jpg","http://image.gamespotcdn.net/gamespot/images/box/9/9/9/587999_40016_back.jpg","Space Ace","http://www.gamefaqs.com/segacd/587999-space-ace"
"The Space Adventure","US","http://image.gamespotcdn.net/gamespot/images/box/0/0/0/588000_40017_front.jpg","http://image.gamespotcdn.net/gamespot/images/box/0/0/0/588000_40017_back.jpg","The Space Adventure","http://www.gamefaqs.com/segacd/588000-the-space-adventure"
"Star Strike","US","http://image.gamespotcdn.net/gamespot/images/box/3/3/8/565338_67225_front.jpg","","Star Strike","http://www.gamefaqs.com/segacd/565338-star-strike"
"Star Strike","EU","http://image.gamespotcdn.net/gamespot/images/box/3/3/8/565338_5289_front.jpg","","Star Strike","http://www.gamefaqs.com/segacd/565338-star-strike"
"Star Wars: Rebel Assault","US","http://image.gamespotcdn.net/gamespot/images/box/2/9/8/584298_92172_front.jpg","http://image.gamespotcdn.net/gamespot/images/box/2/9/8/584298_92172_back.jpg","Star Wars: Rebel Assault","http://www.gamefaqs.com/segacd/584298-star-wars-rebel-assault"
"Star Wars: Rebel Assault","JP","http://image.gamespotcdn.net/gamespot/images/box/2/9/8/584298_3073_front.jpg","http://image.gamespotcdn.net/gamespot/images/box/2/9/8/584298_3073_back.jpg","Star Wars: Rebel Assault","http://www.gamefaqs.com/segacd/584298-star-wars-rebel-assault"
"Star Wars: Rebel Assault","EU","http://image.gamespotcdn.net/gamespot/images/box/2/9/8/584298_101557_front.jpg","http://image.gamespotcdn.net/gamespot/images/box/2/9/8/584298_101557_back.jpg","Star Wars: Rebel Assault","http://www.gamefaqs.com/segacd/584298-star-wars-rebel-assault"
"Starblade","JP","http://image.gamespotcdn.net/gamespot/images/box/0/0/2/588002_61760_front.jpg","http://image.gamespotcdn.net/gamespot/images/box/0/0/2/588002_61760_back.jpg","Starblade","http://www.gamefaqs.com/segacd/588002-starblade"
"Starblade","US","http://image.gamespotcdn.net/gamespot/images/box/0/0/2/588002_3673_front.jpg","http://image.gamespotcdn.net/gamespot/images/box/0/0/2/588002_3673_back.jpg","Starblade","http://www.gamefaqs.com/segacd/588002-starblade"
"Starblade","EU","http://image.gamespotcdn.net/gamespot/images/box/0/0/2/588002_116337_front.jpg","http://image.gamespotcdn.net/gamespot/images/box/0/0/2/588002_116337_back.jpg","Starblade","http://www.gamefaqs.com/segacd/588002-starblade"
"Stellar-Fire","US","http://image.gamespotcdn.net/gamespot/images/box/0/0/3/588003_40019_front.jpg","http://image.gamespotcdn.net/gamespot/images/box/0/0/3/588003_40019_back.jpg","Stellar-Fire","http://www.gamefaqs.com/segacd/588003-stellar-fire"
"Supreme Warrior","US","http://image.gamespotcdn.net/gamespot/images/box/2/8/3/922283_69088_front.jpg","http://image.gamespotcdn.net/gamespot/images/box/2/8/3/922283_69088_back.jpg","Supreme Warrior","http://www.gamefaqs.com/segacd/922283-supreme-warrior"
"Supreme Warrior","EU","http://image.gamespotcdn.net/gamespot/images/box/2/8/3/922283_97328_front.jpg","http://image.gamespotcdn.net/gamespot/images/box/2/8/3/922283_97328_back.jpg","Supreme Warrior","http://www.gamefaqs.com/segacd/922283-supreme-warrior"
"Surgical Strike","US","http://image.gamespotcdn.net/gamespot/images/box/2/8/4/922284_67226_front.jpg","http://image.gamespotcdn.net/gamespot/images/box/2/8/4/922284_67226_back.jpg","Surgical Strike","http://www.gamefaqs.com/segacd/922284-surgical-strike"
"Surgical Strike","JP","http://image.gamespotcdn.net/gamespot/images/box/2/8/4/922284_86826_front.jpg","http://image.gamespotcdn.net/gamespot/images/box/2/8/4/922284_86826_back.jpg","Surgical Strike","http://www.gamefaqs.com/segacd/922284-surgical-strike"
"Surgical Strike","EU","http://image.gamespotcdn.net/gamespot/images/box/2/8/4/922284_97310_front.jpg","http://image.gamespotcdn.net/gamespot/images/box/2/8/4/922284_97310_back.jpg","Surgical Strike","http://www.gamefaqs.com/segacd/922284-surgical-strike"
"Syndicate","EU","http://image.gamespotcdn.net/gamespot/images/box/3/6/3/696363_295436_front.jpg","http://image.gamespotcdn.net/gamespot/images/box/3/6/3/696363_295436_back.jpg","Syndicate","http://www.gamefaqs.com/segacd/696363-syndicate"
"Tenbu: Mega CD Special","JP","http://image.gamespotcdn.net/gamespot/images/box/5/1/2/570512_10001_front.jpg","http://image.gamespotcdn.net/gamespot/images/box/5/1/2/570512_10001_back.jpg","Tenbu: Mega CD Special","http://www.gamefaqs.com/segacd/570512-tenbu-mega-cd-special"
"Tenka Fubu: Eiyuutachi no Houkou","JP","http://image.gamespotcdn.net/gamespot/images/box/5/1/1/570511_9915_front.jpg","http://image.gamespotcdn.net/gamespot/images/box/5/1/1/570511_9915_back.jpg","Tenka Fubu","http://www.gamefaqs.com/segacd/570511-tenka-fubu"
"The Terminator","US","http://image.gamespotcdn.net/gamespot/images/box/1/8/3/924183_58041_front.jpg","http://image.gamespotcdn.net/gamespot/images/box/1/8/3/924183_58041_back.jpg","The Terminator","http://www.gamefaqs.com/segacd/924183-the-terminator"
"The Terminator","EU","http://image.gamespotcdn.net/gamespot/images/box/1/8/3/924183_97309_front.jpg","http://image.gamespotcdn.net/gamespot/images/box/1/8/3/924183_97309_back.jpg","The Terminator","http://www.gamefaqs.com/segacd/924183-the-terminator"
"Theme Park","EU","http://image.gamespotcdn.net/gamespot/images/box/5/3/7/930537_71143_front.jpg","http://image.gamespotcdn.net/gamespot/images/box/5/3/7/930537_71143_back.jpg","Theme Park","http://www.gamefaqs.com/segacd/930537-theme-park"
"Third World War","JP","http://image.gamespotcdn.net/gamespot/images/box/0/0/5/588005_4444_front.jpg","http://image.gamespotcdn.net/gamespot/images/box/0/0/5/588005_4444_back.jpg","Third World War","http://www.gamefaqs.com/segacd/588005-third-world-war"
"Third World War","US","http://image.gamespotcdn.net/gamespot/images/box/0/0/5/588005_67227_front.jpg","http://image.gamespotcdn.net/gamespot/images/box/0/0/5/588005_67227_back.jpg","Third World War","http://www.gamefaqs.com/segacd/588005-third-world-war"
"Time Gal","JP","http://image.gamespotcdn.net/gamespot/images/box/0/0/6/588006_5240_front.jpg","http://image.gamespotcdn.net/gamespot/images/box/0/0/6/588006_5240_back.jpg","Time Gal","http://www.gamefaqs.com/segacd/588006-time-gal"
"Time Gal","US","http://image.gamespotcdn.net/gamespot/images/box/0/0/6/588006_57119_front.jpg","http://image.gamespotcdn.net/gamespot/images/box/0/0/6/588006_57119_back.jpg","Time Gal","http://www.gamefaqs.com/segacd/588006-time-gal"
"Time Gal","EU","http://image.gamespotcdn.net/gamespot/images/box/0/0/6/588006_116341_front.jpg","http://image.gamespotcdn.net/gamespot/images/box/0/0/6/588006_116341_back.jpg","Time Gal","http://www.gamefaqs.com/segacd/588006-time-gal"
"Tomcat Alley","JP","http://image.gamespotcdn.net/gamespot/images/box/7/9/3/921793_86825_front.jpg","http://image.gamespotcdn.net/gamespot/images/box/7/9/3/921793_86825_back.jpg","Tomcat Alley","http://www.gamefaqs.com/segacd/921793-tomcat-alley"
"Tomcat Alley","US","http://image.gamespotcdn.net/gamespot/images/box/7/9/3/921793_56508_front.jpg","http://image.gamespotcdn.net/gamespot/images/box/7/9/3/921793_56508_back.jpg","Tomcat Alley","http://www.gamefaqs.com/segacd/921793-tomcat-alley"
"Tomcat Alley","EU","http://image.gamespotcdn.net/gamespot/images/box/7/9/3/921793_97308_front.jpg","http://image.gamespotcdn.net/gamespot/images/box/7/9/3/921793_97308_back.jpg","Tomcat Alley","http://www.gamefaqs.com/segacd/921793-tomcat-alley"
"Trivial Pursuit","US","http://image.gamespotcdn.net/gamespot/images/box/0/0/7/588007_40021_front.jpg","http://image.gamespotcdn.net/gamespot/images/box/0/0/7/588007_40021_back.jpg","Trivial Pursuit","http://www.gamefaqs.com/segacd/588007-trivial-pursuit"
"Ultraverse Prime / Microcosm","US","http://image.gamespotcdn.net/gamespot/images/box/0/0/8/588008_40022_front.jpg","","Ultraverse Prime / Microcosm","http://www.gamefaqs.com/segacd/588008-ultraverse-prime-microcosm"
"Urusei Yatsura: My Dear Friends","JP","http://image.gamespotcdn.net/gamespot/images/box/5/1/3/570513_9916_front.jpg","http://image.gamespotcdn.net/gamespot/images/box/5/1/3/570513_9916_back.jpg","Urusei Yatsura: My Dear Friends","http://www.gamefaqs.com/segacd/570513-urusei-yatsura-my-dear-friends"
"Vay: Ryuusei no Yoroi","JP","http://image.gamespotcdn.net/gamespot/images/box/0/0/9/588009_5107_front.jpg","http://image.gamespotcdn.net/gamespot/images/box/0/0/9/588009_5107_back.jpg","Vay","http://www.gamefaqs.com/segacd/588009-vay"
"Vay","US","http://image.gamespotcdn.net/gamespot/images/box/0/0/9/588009_47045_front.jpg","http://image.gamespotcdn.net/gamespot/images/box/0/0/9/588009_47045_back.jpg","Vay","http://www.gamefaqs.com/segacd/588009-vay"
"Waurau Salesman","JP","http://image.gamespotcdn.net/gamespot/images/box/2/9/7/566297_5468_front.jpg","http://image.gamespotcdn.net/gamespot/images/box/2/9/7/566297_5468_back.jpg","Waurau Salesman","http://www.gamefaqs.com/segacd/566297-waurau-salesman"
"Wheel of Fortune","US","http://image.gamespotcdn.net/gamespot/images/box/5/2/9/920529_61761_front.jpg","http://image.gamespotcdn.net/gamespot/images/box/5/2/9/920529_61761_back.jpg","Wheel of Fortune","http://www.gamefaqs.com/segacd/920529-wheel-of-fortune"
"Who Shot Johnny Rock?","US","http://image.gamespotcdn.net/gamespot/images/box/0/1/0/588010_40023_front.jpg","http://image.gamespotcdn.net/gamespot/images/box/0/1/0/588010_40023_back.jpg","Who Shot Johnny Rock?","http://www.gamefaqs.com/segacd/588010-who-shot-johnny-rock"
"Wild Woody","US","http://image.gamespotcdn.net/gamespot/images/box/0/1/1/588011_40024_front.jpg","http://image.gamespotcdn.net/gamespot/images/box/0/1/1/588011_40024_back.jpg","Wild Woody","http://www.gamefaqs.com/segacd/588011-wild-woody"
"Wing Commander","JP","http://image.gamespotcdn.net/gamespot/images/box/0/1/2/588012_3797_front.jpg","http://image.gamespotcdn.net/gamespot/images/box/0/1/2/588012_3797_back.jpg","Wing Commander","http://www.gamefaqs.com/segacd/588012-wing-commander"
"Wing Commander","US","http://image.gamespotcdn.net/gamespot/images/box/0/1/2/588012_92173_front.jpg","","Wing Commander","http://www.gamefaqs.com/segacd/588012-wing-commander"
"Winning Post","JP","http://image.gamespotcdn.net/gamespot/images/box/5/1/4/570514_9106_front.jpg","http://image.gamespotcdn.net/gamespot/images/box/5/1/4/570514_9106_back.jpg","Winning Post","http://www.gamefaqs.com/segacd/570514-winning-post"
"Wirehead","US","http://image.gamespotcdn.net/gamespot/images/box/0/1/3/588013_47046_front.jpg","http://image.gamespotcdn.net/gamespot/images/box/0/1/3/588013_47046_back.jpg","Wirehead","http://www.gamefaqs.com/segacd/588013-wirehead"
"Wolfchild","US","http://image.gamespotcdn.net/gamespot/images/box/0/1/4/588014_47047_front.jpg","http://image.gamespotcdn.net/gamespot/images/box/0/1/4/588014_47047_back.jpg","Wolfchild","http://www.gamefaqs.com/segacd/588014-wolfchild"
"Wolfchild","JP","http://image.gamespotcdn.net/gamespot/images/box/0/1/4/588014_4748_front.jpg","http://image.gamespotcdn.net/gamespot/images/box/0/1/4/588014_4748_back.jpg","Wolfchild","http://www.gamefaqs.com/segacd/588014-wolfchild"
"Wolfchild","EU","http://image.gamespotcdn.net/gamespot/images/box/0/1/4/588014_97307_front.jpg","http://image.gamespotcdn.net/gamespot/images/box/0/1/4/588014_97307_back.jpg","Wolfchild","http://www.gamefaqs.com/segacd/588014-wolfchild"
"Wonder Dog","JP","http://image.gamespotcdn.net/gamespot/images/box/0/1/5/588015_61762_front.jpg","http://image.gamespotcdn.net/gamespot/images/box/0/1/5/588015_61762_back.jpg","Wonder Dog","http://www.gamefaqs.com/segacd/588015-wonder-dog"
"Wonder Dog","US","http://image.gamespotcdn.net/gamespot/images/box/0/1/5/588015_4749_front.jpg","","Wonder Dog","http://www.gamefaqs.com/segacd/588015-wonder-dog"
"Wonder Dog","EU","http://image.gamespotcdn.net/gamespot/images/box/0/1/5/588015_116342_front.jpg","http://image.gamespotcdn.net/gamespot/images/box/0/1/5/588015_116342_back.jpg","Wonder Dog","http://www.gamefaqs.com/segacd/588015-wonder-dog"
"World Cup USA 94","US","http://image.gamespotcdn.net/gamespot/images/box/0/1/7/588017_40026_front.jpg","http://image.gamespotcdn.net/gamespot/images/box/0/1/7/588017_40026_back.jpg","World Cup USA 94","http://www.gamefaqs.com/segacd/588017-world-cup-usa-94"
"World Cup USA 94","EU","http://image.gamespotcdn.net/gamespot/images/box/0/1/7/588017_88114_front.jpg","http://image.gamespotcdn.net/gamespot/images/box/0/1/7/588017_88114_back.jpg","World Cup USA 94","http://www.gamefaqs.com/segacd/588017-world-cup-usa-94"
"WWF Mania Tour","JP","http://image.gamespotcdn.net/gamespot/images/box/4/9/3/563493_4642_front.jpg","","WWF Rage in the Cage","http://www.gamefaqs.com/segacd/563493-wwf-rage-in-the-cage"
"WWF Rage in the Cage","US","http://image.gamespotcdn.net/gamespot/images/box/4/9/3/563493_45527_front.jpg","http://image.gamespotcdn.net/gamespot/images/box/4/9/3/563493_45527_back.jpg","WWF Rage in the Cage","http://www.gamefaqs.com/segacd/563493-wwf-rage-in-the-cage"
"WWF Rage in the Cage","EU","http://image.gamespotcdn.net/gamespot/images/box/4/9/3/563493_102074_front.jpg","http://image.gamespotcdn.net/gamespot/images/box/4/9/3/563493_102074_back.jpg","WWF Rage in the Cage","http://www.gamefaqs.com/segacd/563493-wwf-rage-in-the-cage"
"Yumimi Mix","JP","http://image.gamespotcdn.net/gamespot/images/box/5/1/5/570515_9917_front.jpg","http://image.gamespotcdn.net/gamespot/images/box/5/1/5/570515_9917_back.jpg","Yumimi Mix","http://www.gamefaqs.com/segacd/570515-yumimi-mix"
"3 Ninjas Kick Back / Hook","US","http://image.gamespotcdn.net/gamespot/images/box/8/4/8/919848_52908_front.jpg","http://image.gamespotcdn.net/gamespot/images/box/8/4/8/919848_52908_back.jpg","3 Ninjas Kick Back / Hook","http://www.gamefaqs.com/segacd/919848-3-ninjas-kick-back-hook"
